sim_time,world_x,world_y,world_z
0.016666666666666666,0.06919504403605992,0.8690920023014886,1.0329579191282694
0.03333333333333333,0.06919507390549132,0.8690919413918611,1.0329576520812784
0.05,0.06919516680799992,0.8690920080893186,1.0329572237035056
0.06666666666666667,0.0691950761563202,0.8690918800737066,1.032957469189476
0.08333333333333333,0.06919507390549132,0.8690919413918611,1.0329576520812784
0.09999999999999999,0.06919504403605992,0.8690920023014886,1.0329579191282694
0.11666666666666665,0.06919507390549132,0.8690919413918611,1.0329576520812784
0.13333333333333333,0.06919516680799992,0.8690920080893186,1.0329572237035056
0.15,0.0691950761563202,0.8690918800737066,1.032957469189476
0.16666666666666666,0.06919507390549132,0.8690919413918611,1.0329576520812784
0.18333333333333332,0.06919504403605992,0.8690920023014886,1.0329579191282694
0.19999999999999998,0.06919507390549132,0.8690919413918611,1.0329576520812784
0.21666666666666665,0.06919516680799992,0.8690920080893186,1.0329572237035056
0.2333333333333333,0.0691950761563202,0.8690918800737066,1.032957469189476
0.24999999999999997,0.06919507390549132,0.8690919413918611,1.0329576520812784
0.26666666666666666,0.06919504403605992,0.8690920023014886,1.0329579191282694
0.2833333333333333,0.06919507390549132,0.8690919413918611,1.0329576520812784
0.3,0.06919516680799992,0.8690920080893186,1.0329572237035056
0.31666666666666665,0.0691950761563202,0.8690918800737066,1.032957469189476
0.3333333333333333,0.06919507390549132,0.8690919413918611,1.0329576520812784
0.35,0.06919504403605992,0.8690920023014886,1.0329579191282694
0.36666666666666664,0.06919507390549132,0.8690919413918611,1.0329576520812784
0.3833333333333333,0.06919516680799992,0.8690920080893186,1.0329572237035056
0.39999999999999997,0.0691950761563202,0.8690918800737066,1.032957469189476
0.41666666666666663,0.06919507390549132,0.8690919413918611,1.0329576520812784
0.4333333333333333,0.06919504403605992,0.8690920023014886,1.0329579191282694
0.44999999999999996,0.06919507390549132,0.8690919413918611,1.0329576520812784
0.4666666666666666,0.06919516680799992,0.8690920080893186,1.0329572237035056
0.4833333333333333,0.0691950761563202,0.8690918800737066,1.032957469189476
0.49999999999999994,0.06919507390549132,0.8690919413918611,1.0329576520812784
0.5166666666666666,0.06919504403605992,0.8690920023014886,1.0329579191282694
0.5333333333333333,0.06919507390549132,0.8690919413918611,1.0329576520812784
0.55,0.06919516680799992,0.8690920080893186,1.0329572237035056
0.5666666666666668,0.0691950761563202,0.8690918800737066,1.032957469189476
0.5833333333333335,0.06919507390549132,0.8690919413918611,1.0329576520812784
0.6000000000000002,0.06919504403605992,0.8690920023014886,1.0329579191282694
0.6166666666666669,0.06919507390549132,0.8690919413918611,1.0329576520812784
0.6333333333333336,0.06919516680799992,0.8690920080893186,1.0329572237035056
0.6500000000000004,0.0691950761563202,0.8690918800737066,1.032957469189476
0.6666666666666671,0.06919507390549132,0.8690919413918611,1.0329576520812784
0.6833333333333338,0.06919504403605992,0.8690920023014886,1.0329579191282694
0.7000000000000005,0.06919507390549132,0.8690919413918611,1.0329576520812784
0.7166666666666672,0.06919516680799992,0.8690920080893186,1.0329572237035056
0.733333333333334,0.0691950761563202,0.8690918800737066,1.032957469189476
0.7500000000000007,0.06919507390549132,0.8690919413918611,1.0329576520812784
0.7666666666666674,0.06919504403605992,0.8690920023014886,1.0329579191282694
0.7833333333333341,0.06919507390549132,0.8690919413918611,1.0329576520812784
0.8000000000000008,0.06919516680799992,0.8690920080893186,1.0329572237035056
0.8166666666666675,0.0691950761563202,0.8690918800737066,1.032957469189476
0.8333333333333343,0.06919507390549132,0.8690919413918611,1.0329576520812784
0.850000000000001,0.06919504403605992,0.8690920023014886,1.0329579191282694
0.8666666666666677,0.06919507390549132,0.8690919413918611,1.0329576520812784
0.8833333333333344,0.06919516680799992,0.8690920080893186,1.0329572237035056
0.9000000000000011,0.0691950761563202,0.8690918800737066,1.032957469189476
0.9166666666666679,0.06919507390549132,0.8690919413918611,1.0329576520812784
0.9333333333333346,0.06919504403605992,0.8690920023014886,1.0329579191282694
0.9500000000000013,0.06919507390549132,0.8690919413918611,1.0329576520812784
0.966666666666668,0.06919516680799992,0.8690920080893186,1.0329572237035056
0.9833333333333347,0.0691950761563202,0.8690918800737066,1.032957469189476
1.0000000000000013,0.06919507390549132,0.8690919413918611,1.0329576520812784
1.016666666666668,0.06919504403605992,0.8690920023014886,1.0329579191282694
1.0333333333333345,0.06919507390549132,0.8690919413918611,1.0329576520812784
1.0500000000000012,0.06919516680799992,0.8690920080893186,1.0329572237035056
1.0666666666666678,0.0691950761563202,0.8690918800737066,1.032957469189476
1.0833333333333344,0.06919507390549132,0.8690919413918611,1.0329576520812784
1.100000000000001,0.06919504403605992,0.8690920023014886,1.0329579191282694
1.1166666666666676,0.06919507390549132,0.8690919413918611,1.0329576520812784
1.1333333333333342,0.06919516680799992,0.8690920080893186,1.0329572237035056
1.1500000000000008,0.0691950761563202,0.8690918800737066,1.032957469189476
1.1666666666666674,0.06919507390549132,0.8690919413918611,1.0329576520812784
1.183333333333334,0.06919504403605992,0.8690920023014886,1.0329579191282694
1.2000000000000006,0.06919507390549132,0.8690919413918611,1.0329576520812784
1.2166666666666672,0.06919516680799992,0.8690920080893186,1.0329572237035056
1.2333333333333338,0.0691950761563202,0.8690918800737066,1.032957469189476
1.2500000000000004,0.06919507390549132,0.8690919413918611,1.0329576520812784
1.266666666666667,0.06919504403605992,0.8690920023014886,1.0329579191282694
1.2833333333333337,0.06919507390549132,0.8690919413918611,1.0329576520812784
1.3000000000000003,0.06919516680799992,0.8690920080893186,1.0329572237035056
1.3166666666666669,0.0691950761563202,0.8690918800737066,1.032957469189476
1.3333333333333335,0.06919507390549132,0.8690919413918611,1.0329576520812784
1.35,0.06919504403605992,0.8690920023014886,1.0329579191282694
1.3666666666666667,0.06919507390549132,0.8690919413918611,1.0329576520812784
1.3833333333333333,0.06919516680799992,0.8690920080893186,1.0329572237035056
1.4,0.0691950761563202,0.8690918800737066,1.032957469189476
1.4166666666666665,0.06919507390549132,0.8690919413918611,1.0329576520812784
1.4333333333333331,0.06919504403605992,0.8690920023014886,1.0329579191282694
1.4499999999999997,0.06919507390549132,0.8690919413918611,1.0329576520812784
1.4666666666666663,0.06919516680799992,0.8690920080893186,1.0329572237035056
1.483333333333333,0.0691950761563202,0.8690918800737066,1.032957469189476
1.4999999999999996,0.06919507390549132,0.8690919413918611,1.0329576520812784
1.5166666666666662,0.06919504403605992,0.8690920023014886,1.0329579191282694
1.5333333333333328,0.06919507390549132,0.8690919413918611,1.0329576520812784
1.5499999999999994,0.06919516680799992,0.8690920080893186,1.0329572237035056
1.566666666666666,0.0691950761563202,0.8690918800737066,1.032957469189476
1.5833333333333326,0.06919507390549132,0.8690919413918611,1.0329576520812784
1.5999999999999992,0.06919504403605992,0.8690920023014886,1.0329579191282694
1.6166666666666658,0.06919507390549132,0.8690919413918611,1.0329576520812784
1.6333333333333324,0.06919516680799992,0.8690920080893186,1.0329572237035056
1.649999999999999,0.0691950761563202,0.8690918800737066,1.032957469189476
1.6666666666666656,0.06919507390549132,0.8690919413918611,1.0329576520812784
1.6833333333333322,0.06919504403605992,0.8690920023014886,1.0329579191282694
1.6999999999999988,0.06919507390549132,0.8690919413918611,1.0329576520812784
1.7166666666666655,0.06919516680799992,0.8690920080893186,1.0329572237035056
1.733333333333332,0.0691950761563202,0.8690918800737066,1.032957469189476
1.7499999999999987,0.06919507390549132,0.8690919413918611,1.0329576520812784
1.7666666666666653,0.06919504403605992,0.8690920023014886,1.0329579191282694
1.7833333333333319,0.06919507390549132,0.8690919413918611,1.0329576520812784
1.7999999999999985,0.06919516680799992,0.8690920080893186,1.0329572237035056
1.816666666666665,0.0691950761563202,0.8690918800737066,1.032957469189476
1.8333333333333317,0.06919507390549132,0.8690919413918611,1.0329576520812784
1.8499999999999983,0.06919504403605992,0.8690920023014886,1.0329579191282694
1.866666666666665,0.06919507390549132,0.8690919413918611,1.0329576520812784
1.8833333333333315,0.06919516680799992,0.8690920080893186,1.0329572237035056
1.8999999999999981,0.0691950761563202,0.8690918800737066,1.032957469189476
1.9166666666666647,0.06919507390549132,0.8690919413918611,1.0329576520812784
1.9333333333333313,0.06919504403605992,0.8690920023014886,1.0329579191282694
1.949999999999998,0.06919507390549132,0.8690919413918611,1.0329576520812784
1.9666666666666646,0.06919516680799992,0.8690920080893186,1.0329572237035056
1.9833333333333312,0.0691950761563202,0.8690918800737066,1.032957469189476
1.9999999999999978,0.06919507390549132,0.8690919413918611,1.0329576520812784
2.0166666666666644,0.06919504403605992,0.8690920023014886,1.0329579191282694
2.033333333333331,0.06919507390549132,0.8690919413918611,1.0329576520812784
2.0499999999999976,0.06919516680799992,0.8690920080893186,1.0329572237035056
2.066666666666664,0.0691950761563202,0.8690918800737066,1.032957469189476
2.083333333333331,0.06919507390549132,0.8690919413918611,1.0329576520812784
2.0999999999999974,0.06919504403605992,0.8690920023014886,1.0329579191282694
2.116666666666664,0.06919507390549132,0.8690919413918611,1.0329576520812784
2.1333333333333306,0.06919516680799992,0.8690920080893186,1.0329572237035056
2.1499999999999972,0.0691950761563202,0.8690918800737066,1.032957469189476
2.166666666666664,0.06919507390549132,0.8690919413918611,1.0329576520812784
2.1833333333333305,0.06919504403605992,0.8690920023014886,1.0329579191282694
2.199999999999997,0.06919507390549132,0.8690919413918611,1.0329576520812784
2.2166666666666637,0.06919516680799992,0.8690920080893186,1.0329572237035056
2.2333333333333303,0.0691950761563202,0.8690918800737066,1.032957469189476
2.249999999999997,0.06919507390549132,0.8690919413918611,1.0329576520812784
2.2666666666666635,0.06919504403605992,0.8690920023014886,1.0329579191282694
2.28333333333333,0.06919507390549132,0.8690919413918611,1.0329576520812784
2.2999999999999967,0.06919516680799992,0.8690920080893186,1.0329572237035056
2.3166666666666633,0.0691950761563202,0.8690918800737066,1.032957469189476
2.33333333333333,0.06919507390549132,0.8690919413918611,1.0329576520812784
2.3499999999999965,0.06919504403605992,0.8690920023014886,1.0329579191282694
2.366666666666663,0.06919507390549132,0.8690919413918611,1.0329576520812784
2.3833333333333298,0.06919516680799992,0.8690920080893186,1.0329572237035056
2.3999999999999964,0.0691950761563202,0.8690918800737066,1.032957469189476
2.416666666666663,0.06919507390549132,0.8690919413918611,1.0329576520812784
2.4333333333333296,0.06919504403605992,0.8690920023014886,1.0329579191282694
2.449999999999996,0.06919507390549132,0.8690919413918611,1.0329576520812784
2.466666666666663,0.06919516680799992,0.8690920080893186,1.0329572237035056
2.4833333333333294,0.0691950761563202,0.8690918800737066,1.032957469189476
2.499999999999996,0.06919507390549132,0.8690919413918611,1.0329576520812784
2.5166666666666626,0.06919504403605992,0.8690920023014886,1.0329579191282694
2.533333333333329,0.06919507390549132,0.8690919413918611,1.0329576520812784
2.549999999999996,0.06919516680799992,0.8690920080893186,1.0329572237035056
2.5666666666666624,0.0691950761563202,0.8690918800737066,1.032957469189476
2.583333333333329,0.06919507390549132,0.8690919413918611,1.0329576520812784
2.5999999999999956,0.06919504403605992,0.8690920023014886,1.0329579191282694
2.6166666666666623,0.06919507390549132,0.8690919413918611,1.0329576520812784
2.633333333333329,0.06919516680799992,0.8690920080893186,1.0329572237035056
2.6499999999999955,0.0691950761563202,0.8690918800737066,1.032957469189476
2.666666666666662,0.06919507390549132,0.8690919413918611,1.0329576520812784
2.6833333333333287,0.06919504403605992,0.8690920023014886,1.0329579191282694
2.6999999999999953,0.06919507390549132,0.8690919413918611,1.0329576520812784
2.716666666666662,0.06919516680799992,0.8690920080893186,1.0329572237035056
2.7333333333333285,0.0691950761563202,0.8690918800737066,1.032957469189476
2.749999999999995,0.06919507390549132,0.8690919413918611,1.0329576520812784
2.7666666666666617,0.06919504403605992,0.8690920023014886,1.0329579191282694
2.7833333333333283,0.06919507390549132,0.8690919413918611,1.0329576520812784
2.799999999999995,0.06919516680799992,0.8690920080893186,1.0329572237035056
2.8166666666666615,0.0691950761563202,0.8690918800737066,1.032957469189476
2.833333333333328,0.06919507390549132,0.8690919413918611,1.0329576520812784
2.8499999999999948,0.06919504403605992,0.8690920023014886,1.0329579191282694
2.8666666666666614,0.06919507390549132,0.8690919413918611,1.0329576520812784
2.883333333333328,0.06919516680799992,0.8690920080893186,1.0329572237035056
2.8999999999999946,0.0691950761563202,0.8690918800737066,1.032957469189476
2.916666666666661,0.06919507390549132,0.8690919413918611,1.0329576520812784
2.933333333333328,0.06919504403605992,0.8690920023014886,1.0329579191282694
2.9499999999999944,0.06919507390549132,0.8690919413918611,1.0329576520812784
2.966666666666661,0.06919516680799992,0.8690920080893186,1.0329572237035056
2.9833333333333276,0.0691950761563202,0.8690918800737066,1.032957469189476
2.9999999999999942,0.06919507390549132,0.8690919413918611,1.0329576520812784
3.016666666666661,0.06919504403605992,0.8690920023014886,1.0329579191282694
3.0333333333333274,0.06919507390549132,0.8690919413918611,1.0329576520812784
3.049999999999994,0.06919516680799992,0.8690920080893186,1.0329572237035056
3.0666666666666607,0.0691950761563202,0.8690918800737066,1.032957469189476
3.0833333333333273,0.06919507390549132,0.8690919413918611,1.0329576520812784
3.099999999999994,0.06919504403605992,0.8690920023014886,1.0329579191282694
3.1166666666666605,0.06919507390549132,0.8690919413918611,1.0329576520812784
3.133333333333327,0.06919516680799992,0.8690920080893186,1.0329572237035056
3.1499999999999937,0.0691950761563202,0.8690918800737066,1.032957469189476
3.1666666666666603,0.06919507390549132,0.8690919413918611,1.0329576520812784
3.183333333333327,0.06919504403605992,0.8690920023014886,1.0329579191282694
3.1999999999999935,0.06919507390549132,0.8690919413918611,1.0329576520812784
3.21666666666666,0.06919516680799992,0.8690920080893186,1.0329572237035056
3.2333333333333267,0.0691950761563202,0.8690918800737066,1.032957469189476
3.2499999999999933,0.06919507390549132,0.8690919413918611,1.0329576520812784
3.26666666666666,0.06919504403605992,0.8690920023014886,1.0329579191282694
3.2833333333333266,0.06919507390549132,0.8690919413918611,1.0329576520812784
3.299999999999993,0.06919516680799992,0.8690920080893186,1.0329572237035056
3.3166666666666598,0.0691950761563202,0.8690918800737066,1.032957469189476
3.3333333333333264,0.06919507390549132,0.8690919413918611,1.0329576520812784
3.349999999999993,0.06919504403605992,0.8690920023014886,1.0329579191282694
3.3666666666666596,0.06919507390549132,0.8690919413918611,1.0329576520812784
3.383333333333326,0.06919516680799992,0.8690920080893186,1.0329572237035056
3.399999999999993,0.0691950761563202,0.8690918800737066,1.032957469189476
3.4166666666666594,0.06919507390549132,0.8690919413918611,1.0329576520812784
3.433333333333326,0.06919504403605992,0.8690920023014886,1.0329579191282694
3.4499999999999926,0.06919507390549132,0.8690919413918611,1.0329576520812784
3.4666666666666592,0.06919516680799992,0.8690920080893186,1.0329572237035056
3.483333333333326,0.0691950761563202,0.8690918800737066,1.032957469189476
3.4999999999999925,0.06919507390549132,0.8690919413918611,1.0329576520812784
3.516666666666659,0.06919504403605992,0.8690920023014886,1.0329579191282694
3.5333333333333257,0.06919507390549132,0.8690919413918611,1.0329576520812784
3.5499999999999923,0.06919516680799992,0.8690920080893186,1.0329572237035056
3.566666666666659,0.0691950761563202,0.8690918800737066,1.032957469189476
3.5833333333333255,0.06919507390549132,0.8690919413918611,1.0329576520812784
3.599999999999992,0.06919504403605992,0.8690920023014886,1.0329579191282694
3.6166666666666587,0.06919507390549132,0.8690919413918611,1.0329576520812784
3.6333333333333253,0.06919516680799992,0.8690920080893186,1.0329572237035056
3.649999999999992,0.0691950761563202,0.8690918800737066,1.032957469189476
3.6666666666666585,0.06919507390549132,0.8690919413918611,1.0329576520812784
3.683333333333325,0.06919504403605992,0.8690920023014886,1.0329579191282694
3.6999999999999917,0.06919507390549132,0.8690919413918611,1.0329576520812784
3.7166666666666583,0.06919516680799992,0.8690920080893186,1.0329572237035056
3.733333333333325,0.0691950761563202,0.8690918800737066,1.032957469189476
3.7499999999999916,0.06919507390549132,0.8690919413918611,1.0329576520812784
3.766666666666658,0.06919504403605992,0.8690920023014886,1.0329579191282694
3.7833333333333248,0.06919507390549132,0.8690919413918611,1.0329576520812784
3.7999999999999914,0.06919516680799992,0.8690920080893186,1.0329572237035056
3.816666666666658,0.0691950761563202,0.8690918800737066,1.032957469189476
3.8333333333333246,0.06919507390549132,0.8690919413918611,1.0329576520812784
3.849999999999991,0.06919504403605992,0.8690920023014886,1.0329579191282694
3.866666666666658,0.06919507390549132,0.8690919413918611,1.0329576520812784
3.8833333333333244,0.06919516680799992,0.8690920080893186,1.0329572237035056
3.899999999999991,0.0691950761563202,0.8690918800737066,1.032957469189476
3.9166666666666576,0.06919507390549132,0.8690919413918611,1.0329576520812784
3.9333333333333242,0.06919504403605992,0.8690920023014886,1.0329579191282694
3.949999999999991,0.06919507390549132,0.8690919413918611,1.0329576520812784
3.9666666666666575,0.06919516680799992,0.8690920080893186,1.0329572237035056
3.983333333333324,0.0691950761563202,0.8690918800737066,1.032957469189476
3.9999999999999907,0.06919507390549132,0.8690919413918611,1.0329576520812784
4.016666666666658,0.06919504403605992,0.8690920023014886,1.0329579191282694
4.033333333333324,0.06919507390549132,0.8690919413918611,1.0329576520812784
4.049999999999991,0.06919516680799992,0.8690920080893186,1.0329572237035056
4.0666666666666575,0.0691950761563202,0.8690918800737066,1.032957469189476
4.083333333333324,0.06919507390549132,0.8690919413918611,1.0329576520812784
4.099999999999991,0.06919504403605992,0.8690920023014886,1.0329579191282694
4.116666666666657,0.06919507390549132,0.8690919413918611,1.0329576520812784
4.133333333333324,0.06919516680799992,0.8690920080893186,1.0329572237035056
4.149999999999991,0.0691950761563202,0.8690918800737066,1.032957469189476
4.166666666666657,0.06919507390549132,0.8690919413918611,1.0329576520812784
4.183333333333324,0.06919504403605992,0.8690920023014886,1.0329579191282694
4.19999999999999,0.06919507390549132,0.8690919413918611,1.0329576520812784
4.216666666666657,0.06919516680799992,0.8690920080893186,1.0329572237035056
4.233333333333324,0.0691950761563202,0.8690918800737066,1.032957469189476
4.24999999999999,0.06919507390549132,0.8690919413918611,1.0329576520812784
4.266666666666657,0.06919504403605992,0.8690920023014886,1.0329579191282694
4.2833333333333234,0.06919507390549132,0.8690919413918611,1.0329576520812784
4.29999999999999,0.06919516680799992,0.8690920080893186,1.0329572237035056
4.316666666666657,0.0691950761563202,0.8690918800737066,1.032957469189476
4.333333333333323,0.06919507390549132,0.8690919413918611,1.0329576520812784
4.34999999999999,0.06919504403605992,0.8690920023014886,1.0329579191282694
4.3666666666666565,0.06919507390549132,0.8690919413918611,1.0329576520812784
4.383333333333323,0.06919516680799992,0.8690920080893186,1.0329572237035056
4.39999999999999,0.0691950761563202,0.8690918800737066,1.032957469189476
4.416666666666656,0.06919507390549132,0.8690919413918611,1.0329576520812784
4.433333333333323,0.06919504403605992,0.8690920023014886,1.0329579191282694
4.4499999999999895,0.06919507390549132,0.8690919413918611,1.0329576520812784
4.466666666666656,0.06919516680799992,0.8690920080893186,1.0329572237035056
4.483333333333323,0.0691950761563202,0.8690918800737066,1.032957469189476
4.499999999999989,0.06919507390549132,0.8690919413918611,1.0329576520812784
4.516666666666656,0.06919504403605992,0.8690920023014886,1.0329579191282694
4.533333333333323,0.06919507390549132,0.8690919413918611,1.0329576520812784
4.549999999999989,0.06919516680799992,0.8690920080893186,1.0329572237035056
4.566666666666656,0.0691950761563202,0.8690918800737066,1.032957469189476
4.583333333333322,0.06919507390549132,0.8690919413918611,1.0329576520812784
4.599999999999989,0.06919504403605992,0.8690920023014886,1.0329579191282694
4.616666666666656,0.06919507390549132,0.8690919413918611,1.0329576520812784
4.633333333333322,0.06919516680799992,0.8690920080893186,1.0329572237035056
4.649999999999989,0.0691950761563202,0.8690918800737066,1.032957469189476
4.666666666666655,0.06919507390549132,0.8690919413918611,1.0329576520812784
4.683333333333322,0.06919504403605992,0.8690920023014886,1.0329579191282694
4.699999999999989,0.06919507390549132,0.8690919413918611,1.0329576520812784
4.716666666666655,0.06919516680799992,0.8690920080893186,1.0329572237035056
4.733333333333322,0.0691950761563202,0.8690918800737066,1.032957469189476
4.7499999999999885,0.06919507390549132,0.8690919413918611,1.0329576520812784
4.766666666666655,0.06919504403605992,0.8690920023014886,1.0329579191282694
4.783333333333322,0.06919507390549132,0.8690919413918611,1.0329576520812784
4.799999999999988,0.06919516680799992,0.8690920080893186,1.0329572237035056
4.816666666666655,0.0691950761563202,0.8690918800737066,1.032957469189476
4.8333333333333215,0.06919507390549132,0.8690919413918611,1.0329576520812784
4.849999999999988,0.06919504403605992,0.8690920023014886,1.0329579191282694
4.866666666666655,0.06919507390549132,0.8690919413918611,1.0329576520812784
4.883333333333321,0.06919516680799992,0.8690920080893186,1.0329572237035056
4.899999999999988,0.0691950761563202,0.8690918800737066,1.032957469189476
4.9166666666666545,0.06919507390549132,0.8690919413918611,1.0329576520812784
4.933333333333321,0.06919504403605992,0.8690920023014886,1.0329579191282694
4.949999999999988,0.06919507390549132,0.8690919413918611,1.0329576520812784
4.966666666666654,0.06919516680799992,0.8690920080893186,1.0329572237035056
4.983333333333321,0.0691950761563202,0.8690918800737066,1.032957469189476
4.999999999999988,0.06919507390549132,0.8690919413918611,1.0329576520812784
5.016666666666654,0.06919504403605992,0.8690920023014886,1.0329579191282694
5.033333333333321,0.06919507390549132,0.8690919413918611,1.0329576520812784
5.049999999999987,0.06919516680799992,0.8690920080893186,1.0329572237035056
5.066666666666654,0.0691950761563202,0.8690918800737066,1.032957469189476
5.083333333333321,0.06919507390549132,0.8690919413918611,1.0329576520812784
5.099999999999987,0.06919504403605992,0.8690920023014886,1.0329579191282694
5.116666666666654,0.06919507390549132,0.8690919413918611,1.0329576520812784
5.13333333333332,0.06919516680799992,0.8690920080893186,1.0329572237035056
5.149999999999987,0.0691950761563202,0.8690918800737066,1.032957469189476
5.166666666666654,0.06919507390549132,0.8690919413918611,1.0329576520812784
5.18333333333332,0.06919504403605992,0.8690920023014886,1.0329579191282694
5.199999999999987,0.06919507390549132,0.8690919413918611,1.0329576520812784
5.2166666666666535,0.06919516680799992,0.8690920080893186,1.0329572237035056
5.23333333333332,0.0691950761563202,0.8690918800737066,1.032957469189476
5.249999999999987,0.06919507390549132,0.8690919413918611,1.0329576520812784
5.266666666666653,0.06919504403605992,0.8690920023014886,1.0329579191282694
5.28333333333332,0.06919507390549132,0.8690919413918611,1.0329576520812784
5.2999999999999865,0.06919516680799992,0.8690920080893186,1.0329572237035056
5.316666666666653,0.0691950761563202,0.8690918800737066,1.032957469189476
5.33333333333332,0.06919507390549132,0.8690919413918611,1.0329576520812784
5.349999999999986,0.06919504403605992,0.8690920023014886,1.0329579191282694
5.366666666666653,0.06919507390549132,0.8690919413918611,1.0329576520812784
5.3833333333333195,0.06919516680799992,0.8690920080893186,1.0329572237035056
5.399999999999986,0.0691950761563202,0.8690918800737066,1.032957469189476
5.416666666666653,0.06919507390549132,0.8690919413918611,1.0329576520812784
5.433333333333319,0.06919504403605992,0.8690920023014886,1.0329579191282694
5.449999999999986,0.06919507390549132,0.8690919413918611,1.0329576520812784
5.466666666666653,0.06919516680799992,0.8690920080893186,1.0329572237035056
5.483333333333319,0.0691950761563202,0.8690918800737066,1.032957469189476
5.499999999999986,0.06919507390549132,0.8690919413918611,1.0329576520812784
5.516666666666652,0.06919504403605992,0.8690920023014886,1.0329579191282694
5.533333333333319,0.06919507390549132,0.8690919413918611,1.0329576520812784
5.549999999999986,0.06919516680799992,0.8690920080893186,1.0329572237035056
5.566666666666652,0.0691950761563202,0.8690918800737066,1.032957469189476
5.583333333333319,0.06919507390549132,0.8690919413918611,1.0329576520812784
5.599999999999985,0.06919504403605992,0.8690920023014886,1.0329579191282694
5.616666666666652,0.06919507390549132,0.8690919413918611,1.0329576520812784
5.633333333333319,0.06919516680799992,0.8690920080893186,1.0329572237035056
5.649999999999985,0.0691950761563202,0.8690918800737066,1.032957469189476
5.666666666666652,0.06919507390549132,0.8690919413918611,1.0329576520812784
5.6833333333333185,0.06919504403605992,0.8690920023014886,1.0329579191282694
5.699999999999985,0.06919507390549132,0.8690919413918611,1.0329576520812784
5.716666666666652,0.06919516680799992,0.8690920080893186,1.0329572237035056
5.733333333333318,0.0691950761563202,0.8690918800737066,1.032957469189476
5.749999999999985,0.06919507390549132,0.8690919413918611,1.0329576520812784
5.7666666666666515,0.06919504403605992,0.8690920023014886,1.0329579191282694
5.783333333333318,0.06919507390549132,0.8690919413918611,1.0329576520812784
5.799999999999985,0.06919516680799992,0.8690920080893186,1.0329572237035056
5.816666666666651,0.0691950761563202,0.8690918800737066,1.032957469189476
5.833333333333318,0.06919507390549132,0.8690919413918611,1.0329576520812784
5.8499999999999845,0.06919504403605992,0.8690920023014886,1.0329579191282694
5.866666666666651,0.06919507390549132,0.8690919413918611,1.0329576520812784
5.883333333333318,0.06919516680799992,0.8690920080893186,1.0329572237035056
5.899999999999984,0.0691950761563202,0.8690918800737066,1.032957469189476
5.916666666666651,0.06919507390549132,0.8690919413918611,1.0329576520812784
5.933333333333318,0.06919504403605992,0.8690920023014886,1.0329579191282694
5.949999999999984,0.06919507390549132,0.8690919413918611,1.0329576520812784
5.966666666666651,0.06919516680799992,0.8690920080893186,1.0329572237035056
5.983333333333317,0.0691950761563202,0.8690918800737066,1.032957469189476
5.999999999999984,0.06919507390549132,0.8690919413918611,1.0329576520812784
6.016666666666651,0.06919504403605992,0.8690920023014886,1.0329579191282694
6.033333333333317,0.06919507390549132,0.8690919413918611,1.0329576520812784
6.049999999999984,0.06919516680799992,0.8690920080893186,1.0329572237035056
6.06666666666665,0.0691950761563202,0.8690918800737066,1.032957469189476
6.083333333333317,0.06919507390549132,0.8690919413918611,1.0329576520812784
6.099999999999984,0.06919504403605992,0.8690920023014886,1.0329579191282694
6.11666666666665,0.06919507390549132,0.8690919413918611,1.0329576520812784
6.133333333333317,0.06919516680799992,0.8690920080893186,1.0329572237035056
6.1499999999999835,0.0691950761563202,0.8690918800737066,1.032957469189476
6.16666666666665,0.06919507390549132,0.8690919413918611,1.0329576520812784
6.183333333333317,0.06919504403605992,0.8690920023014886,1.0329579191282694
6.199999999999983,0.06919507390549132,0.8690919413918611,1.0329576520812784
6.21666666666665,0.06919516680799992,0.8690920080893186,1.0329572237035056
6.2333333333333165,0.0691950761563202,0.8690918800737066,1.032957469189476
6.249999999999983,0.06919507390549132,0.8690919413918611,1.0329576520812784
6.26666666666665,0.06919504403605992,0.8690920023014886,1.0329579191282694
6.283333333333316,0.06919507390549132,0.8690919413918611,1.0329576520812784
6.299999999999983,0.06919516680799992,0.8690920080893186,1.0329572237035056
6.3166666666666496,0.0691950761563202,0.8690918800737066,1.032957469189476
6.333333333333316,0.06919507390549132,0.8690919413918611,1.0329576520812784
6.349999999999983,0.06919504403605992,0.8690920023014886,1.0329579191282694
6.366666666666649,0.06919507390549132,0.8690919413918611,1.0329576520812784
6.383333333333316,0.06919516680799992,0.8690920080893186,1.0329572237035056
6.399999999999983,0.0691950761563202,0.8690918800737066,1.032957469189476
6.416666666666649,0.06919507390549132,0.8690919413918611,1.0329576520812784
6.433333333333316,0.06919504403605992,0.8690920023014886,1.0329579191282694
6.449999999999982,0.06919507390549132,0.8690919413918611,1.0329576520812784
6.466666666666649,0.06919516680799992,0.8690920080893186,1.0329572237035056
6.483333333333316,0.0691950761563202,0.8690918800737066,1.032957469189476
6.499999999999982,0.06919507390549132,0.8690919413918611,1.0329576520812784
6.516666666666649,0.06919504403605992,0.8690920023014886,1.0329579191282694
6.5333333333333155,0.06919507390549132,0.8690919413918611,1.0329576520812784
6.549999999999982,0.06919516680799992,0.8690920080893186,1.0329572237035056
6.566666666666649,0.0691950761563202,0.8690918800737066,1.032957469189476
6.583333333333315,0.06919507390549132,0.8690919413918611,1.0329576520812784
6.599999999999982,0.06919504403605992,0.8690920023014886,1.0329579191282694
6.6166666666666485,0.06919507390549132,0.8690919413918611,1.0329576520812784
6.633333333333315,0.06919516680799992,0.8690920080893186,1.0329572237035056
6.649999999999982,0.0691950761563202,0.8690918800737066,1.032957469189476
6.666666666666648,0.06919507390549132,0.8690919413918611,1.0329576520812784
6.683333333333315,0.06919504403605992,0.8690920023014886,1.0329579191282694
6.6999999999999815,0.06919507390549132,0.8690919413918611,1.0329576520812784
6.716666666666648,0.06919516680799992,0.8690920080893186,1.0329572237035056
6.733333333333315,0.0691950761563202,0.8690918800737066,1.032957469189476
6.749999999999981,0.06919507390549132,0.8690919413918611,1.0329576520812784
6.766666666666648,0.06919504403605992,0.8690920023014886,1.0329579191282694
6.783333333333315,0.06919507390549132,0.8690919413918611,1.0329576520812784
6.799999999999981,0.06919516680799992,0.8690920080893186,1.0329572237035056
6.816666666666648,0.0691950761563202,0.8690918800737066,1.032957469189476
6.833333333333314,0.06919507390549132,0.8690919413918611,1.0329576520812784
6.849999999999981,0.06919504403605992,0.8690920023014886,1.0329579191282694
6.866666666666648,0.06919507390549132,0.8690919413918611,1.0329576520812784
6.883333333333314,0.06919516680799992,0.8690920080893186,1.0329572237035056
6.899999999999981,0.0691950761563202,0.8690918800737066,1.032957469189476
6.916666666666647,0.06919507390549132,0.8690919413918611,1.0329576520812784
6.933333333333314,0.06919504403605992,0.8690920023014886,1.0329579191282694
6.949999999999981,0.06919507390549132,0.8690919413918611,1.0329576520812784
6.966666666666647,0.06919516680799992,0.8690920080893186,1.0329572237035056
6.983333333333314,0.0691950761563202,0.8690918800737066,1.032957469189476
6.9999999999999805,0.06919507390549132,0.8690919413918611,1.0329576520812784
7.016666666666647,0.06919504403605992,0.8690920023014886,1.0329579191282694
7.033333333333314,0.06919507390549132,0.8690919413918611,1.0329576520812784
7.04999999999998,0.06919516680799992,0.8690920080893186,1.0329572237035056
7.066666666666647,0.0691950761563202,0.8690918800737066,1.032957469189476
7.0833333333333135,0.06919507390549132,0.8690919413918611,1.0329576520812784
7.09999999999998,0.06919504403605992,0.8690920023014886,1.0329579191282694
7.116666666666647,0.06919507390549132,0.8690919413918611,1.0329576520812784
7.133333333333313,0.06919516680799992,0.8690920080893186,1.0329572237035056
7.14999999999998,0.0691950761563202,0.8690918800737066,1.032957469189476
7.1666666666666465,0.06919507390549132,0.8690919413918611,1.0329576520812784
7.183333333333313,0.06919504403605992,0.8690920023014886,1.0329579191282694
7.19999999999998,0.06919507390549132,0.8690919413918611,1.0329576520812784
7.216666666666646,0.06919516680799992,0.8690920080893186,1.0329572237035056
7.233333333333313,0.0691950761563202,0.8690918800737066,1.032957469189476
7.24999999999998,0.06919507390549132,0.8690919413918611,1.0329576520812784
7.266666666666646,0.06919504403605992,0.8690920023014886,1.0329579191282694
7.283333333333313,0.06919507390549132,0.8690919413918611,1.0329576520812784
7.299999999999979,0.06919516680799992,0.8690920080893186,1.0329572237035056
7.316666666666646,0.0691950761563202,0.8690918800737066,1.032957469189476
7.333333333333313,0.06919507390549132,0.8690919413918611,1.0329576520812784
7.349999999999979,0.06919504403605992,0.8690920023014886,1.0329579191282694
7.366666666666646,0.06919507390549132,0.8690919413918611,1.0329576520812784
7.383333333333312,0.06919516680799992,0.8690920080893186,1.0329572237035056
7.399999999999979,0.0691950761563202,0.8690918800737066,1.032957469189476
7.416666666666646,0.06919507390549132,0.8690919413918611,1.0329576520812784
7.433333333333312,0.06919504403605992,0.8690920023014886,1.0329579191282694
7.449999999999979,0.06919507390549132,0.8690919413918611,1.0329576520812784
7.4666666666666455,0.06919516680799992,0.8690920080893186,1.0329572237035056
7.483333333333312,0.0691950761563202,0.8690918800737066,1.032957469189476
7.499999999999979,0.06919507390549132,0.8690919413918611,1.0329576520812784
7.516666666666645,0.06919504403605992,0.8690920023014886,1.0329579191282694
7.533333333333312,0.06919507390549132,0.8690919413918611,1.0329576520812784
7.5499999999999785,0.06919516680799992,0.8690920080893186,1.0329572237035056
7.566666666666645,0.0691950761563202,0.8690918800737066,1.032957469189476
7.583333333333312,0.06919507390549132,0.8690919413918611,1.0329576520812784
7.599999999999978,0.06919504403605992,0.8690920023014886,1.0329579191282694
7.616666666666645,0.06919507390549132,0.8690919413918611,1.0329576520812784
7.6333333333333115,0.06919516680799992,0.8690920080893186,1.0329572237035056
7.649999999999978,0.0691950761563202,0.8690918800737066,1.032957469189476
7.666666666666645,0.06919507390549132,0.8690919413918611,1.0329576520812784
7.683333333333311,0.06919504403605992,0.8690920023014886,1.0329579191282694
7.699999999999978,0.06919507390549132,0.8690919413918611,1.0329576520812784
7.716666666666645,0.06919516680799992,0.8690920080893186,1.0329572237035056
7.733333333333311,0.0691950761563202,0.8690918800737066,1.032957469189476
7.749999999999978,0.06919507390549132,0.8690919413918611,1.0329576520812784
7.766666666666644,0.06919504403605992,0.8690920023014886,1.0329579191282694
7.783333333333311,0.06919507390549132,0.8690919413918611,1.0329576520812784
7.799999999999978,0.06919516680799992,0.8690920080893186,1.0329572237035056
7.816666666666644,0.0691950761563202,0.8690918800737066,1.032957469189476
7.833333333333311,0.06919507390549132,0.8690919413918611,1.0329576520812784
7.849999999999977,0.06919504403605992,0.8690920023014886,1.0329579191282694
7.866666666666644,0.06919507390549132,0.8690919413918611,1.0329576520812784
7.883333333333311,0.06919516680799992,0.8690920080893186,1.0329572237035056
7.899999999999977,0.0691950761563202,0.8690918800737066,1.032957469189476
7.916666666666644,0.06919507390549132,0.8690919413918611,1.0329576520812784
7.9333333333333105,0.06919504403605992,0.8690920023014886,1.0329579191282694
7.949999999999977,0.06919507390549132,0.8690919413918611,1.0329576520812784
7.966666666666644,0.06919516680799992,0.8690920080893186,1.0329572237035056
7.98333333333331,0.0691950761563202,0.8690918800737066,1.032957469189476
7.999999999999977,0.06919507390549132,0.8690919413918611,1.0329576520812784
8.016666666666644,0.06919504403605992,0.8690920023014886,1.0329579191282694
8.033333333333312,0.06919507390549132,0.8690919413918611,1.0329576520812784
8.04999999999998,0.06919516680799992,0.8690920080893186,1.0329572237035056
8.066666666666647,0.0691950761563202,0.8690918800737066,1.032957469189476
8.083333333333314,0.06919507390549132,0.8690919413918611,1.0329576520812784
8.099999999999982,0.06919504403605992,0.8690920023014886,1.0329579191282694
8.11666666666665,0.06919507390549132,0.8690919413918611,1.0329576520812784
8.133333333333317,0.06919516680799992,0.8690920080893186,1.0329572237035056
8.149999999999984,0.0691950761563202,0.8690918800737066,1.032957469189476
8.166666666666652,0.06919507390549132,0.8690919413918611,1.0329576520812784
8.18333333333332,0.06919504403605992,0.8690920023014886,1.0329579191282694
8.199999999999987,0.06919507390549132,0.8690919413918611,1.0329576520812784
8.216666666666654,0.06919516680799992,0.8690920080893186,1.0329572237035056
8.233333333333322,0.0691950761563202,0.8690918800737066,1.032957469189476
8.24999999999999,0.06919507390549132,0.8690919413918611,1.0329576520812784
8.266666666666657,0.06919504403605992,0.8690920023014886,1.0329579191282694
8.283333333333324,0.06919507390549132,0.8690919413918611,1.0329576520812784
8.299999999999992,0.06919516680799992,0.8690920080893186,1.0329572237035056
8.31666666666666,0.0691950761563202,0.8690918800737066,1.032957469189476
8.333333333333327,0.06919507390549132,0.8690919413918611,1.0329576520812784
8.349999999999994,0.06919504403605992,0.8690920023014886,1.0329579191282694
8.366666666666662,0.06919507390549132,0.8690919413918611,1.0329576520812784
8.38333333333333,0.06919516680799992,0.8690920080893186,1.0329572237035056
8.399999999999997,0.0691950761563202,0.8690918800737066,1.032957469189476
8.416666666666664,0.06919507390549132,0.8690919413918611,1.0329576520812784
8.433333333333332,0.06919504403605992,0.8690920023014886,1.0329579191282694
8.45,0.06919507390549132,0.8690919413918611,1.0329576520812784
8.466666666666667,0.06919516680799992,0.8690920080893186,1.0329572237035056
8.483333333333334,0.0691950761563202,0.8690918800737066,1.032957469189476
8.500000000000002,0.06919507390549132,0.8690919413918611,1.0329576520812784
8.51666666666667,0.06919504403605992,0.8690920023014886,1.0329579191282694
8.533333333333337,0.06919507390549132,0.8690919413918611,1.0329576520812784
8.550000000000004,0.06919516680799992,0.8690920080893186,1.0329572237035056
8.566666666666672,0.0691950761563202,0.8690918800737066,1.032957469189476
8.58333333333334,0.06919507390549132,0.8690919413918611,1.0329576520812784
8.600000000000007,0.06919504403605992,0.8690920023014886,1.0329579191282694
8.616666666666674,0.06919507390549132,0.8690919413918611,1.0329576520812784
8.633333333333342,0.06919516680799992,0.8690920080893186,1.0329572237035056
8.65000000000001,0.0691950761563202,0.8690918800737066,1.032957469189476
8.666666666666677,0.06919507390549132,0.8690919413918611,1.0329576520812784
8.683333333333344,0.06919504403605992,0.8690920023014886,1.0329579191282694
8.700000000000012,0.06919507390549132,0.8690919413918611,1.0329576520812784
8.71666666666668,0.06919516680799992,0.8690920080893186,1.0329572237035056
8.733333333333347,0.0691950761563202,0.8690918800737066,1.032957469189476
8.750000000000014,0.06919507390549132,0.8690919413918611,1.0329576520812784
8.766666666666682,0.06919504403605992,0.8690920023014886,1.0329579191282694
8.78333333333335,0.06919507390549132,0.8690919413918611,1.0329576520812784
8.800000000000017,0.06919516680799992,0.8690920080893186,1.0329572237035056
8.816666666666684,0.0691950761563202,0.8690918800737066,1.032957469189476
8.833333333333352,0.06919507390549132,0.8690919413918611,1.0329576520812784
8.85000000000002,0.06919504403605992,0.8690920023014886,1.0329579191282694
8.866666666666687,0.06919507390549132,0.8690919413918611,1.0329576520812784
8.883333333333354,0.06919516680799992,0.8690920080893186,1.0329572237035056
8.900000000000022,0.0691950761563202,0.8690918800737066,1.032957469189476
8.91666666666669,0.06919507390549132,0.8690919413918611,1.0329576520812784
8.933333333333357,0.06919504403605992,0.8690920023014886,1.0329579191282694
8.950000000000024,0.06919507390549132,0.8690919413918611,1.0329576520812784
8.966666666666692,0.06919516680799992,0.8690920080893186,1.0329572237035056
8.98333333333336,0.0691950761563202,0.8690918800737066,1.032957469189476
9.000000000000027,0.06919507390549132,0.8690919413918611,1.0329576520812784
9.016666666666694,0.06919504403605992,0.8690920023014886,1.0329579191282694
9.033333333333362,0.06919507390549132,0.8690919413918611,1.0329576520812784
9.05000000000003,0.06919516680799992,0.8690920080893186,1.0329572237035056
9.066666666666697,0.0691950761563202,0.8690918800737066,1.032957469189476
9.083333333333364,0.06919507390549132,0.8690919413918611,1.0329576520812784
9.100000000000032,0.06919504403605992,0.8690920023014886,1.0329579191282694
9.1166666666667,0.06919507390549132,0.8690919413918611,1.0329576520812784
9.133333333333367,0.06919516680799992,0.8690920080893186,1.0329572237035056
9.150000000000034,0.0691950761563202,0.8690918800737066,1.032957469189476
9.166666666666702,0.06919507390549132,0.8690919413918611,1.0329576520812784
9.183333333333369,0.06919504403605992,0.8690920023014886,1.0329579191282694
9.200000000000037,0.06919507390549132,0.8690919413918611,1.0329576520812784
9.216666666666704,0.06919516680799992,0.8690920080893186,1.0329572237035056
9.233333333333372,0.0691950761563202,0.8690918800737066,1.032957469189476
9.250000000000039,0.06919507390549132,0.8690919413918611,1.0329576520812784
9.266666666666707,0.06919504403605992,0.8690920023014886,1.0329579191282694
9.283333333333374,0.06919507390549132,0.8690919413918611,1.0329576520812784
9.300000000000042,0.06919516680799992,0.8690920080893186,1.0329572237035056
9.316666666666709,0.0691950761563202,0.8690918800737066,1.032957469189476
9.333333333333377,0.06919507390549132,0.8690919413918611,1.0329576520812784
9.350000000000044,0.06919504403605992,0.8690920023014886,1.0329579191282694
9.366666666666712,0.06919507390549132,0.8690919413918611,1.0329576520812784
9.383333333333379,0.06919516680799992,0.8690920080893186,1.0329572237035056
9.400000000000047,0.0691950761563202,0.8690918800737066,1.032957469189476
9.416666666666714,0.06919507390549132,0.8690919413918611,1.0329576520812784
9.433333333333382,0.06919504403605992,0.8690920023014886,1.0329579191282694
9.450000000000049,0.06919507390549132,0.8690919413918611,1.0329576520812784
9.466666666666717,0.06919516680799992,0.8690920080893186,1.0329572237035056
9.483333333333384,0.0691950761563202,0.8690918800737066,1.032957469189476
9.500000000000052,0.06919507390549132,0.8690919413918611,1.0329576520812784
9.516666666666719,0.06919504403605992,0.8690920023014886,1.0329579191282694
9.533333333333387,0.06919507390549132,0.8690919413918611,1.0329576520812784
9.550000000000054,0.06919516680799992,0.8690920080893186,1.0329572237035056
9.566666666666721,0.0691950761563202,0.8690918800737066,1.032957469189476
9.583333333333389,0.06919507390549132,0.8690919413918611,1.0329576520812784
9.600000000000056,0.06919504403605992,0.8690920023014886,1.0329579191282694
9.616666666666724,0.06919507390549132,0.8690919413918611,1.0329576520812784
9.633333333333391,0.06919516680799992,0.8690920080893186,1.0329572237035056
9.650000000000059,0.0691950761563202,0.8690918800737066,1.032957469189476
9.666666666666726,0.06919507390549132,0.8690919413918611,1.0329576520812784
9.683333333333394,0.06919504403605992,0.8690920023014886,1.0329579191282694
9.700000000000061,0.06919507390549132,0.8690919413918611,1.0329576520812784
9.716666666666729,0.06919516680799992,0.8690920080893186,1.0329572237035056
9.733333333333396,0.0691950761563202,0.8690918800737066,1.032957469189476
9.750000000000064,0.06919507390549132,0.8690919413918611,1.0329576520812784
9.766666666666731,0.06919504403605992,0.8690920023014886,1.0329579191282694
9.783333333333399,0.06919507390549132,0.8690919413918611,1.0329576520812784
9.800000000000066,0.06919516680799992,0.8690920080893186,1.0329572237035056
9.816666666666734,0.0691950761563202,0.8690918800737066,1.032957469189476
9.833333333333401,0.06919507390549132,0.8690919413918611,1.0329576520812784
9.850000000000069,0.06919504403605992,0.8690920023014886,1.0329579191282694
9.866666666666736,0.06919507390549132,0.8690919413918611,1.0329576520812784
9.883333333333404,0.06919516680799992,0.8690920080893186,1.0329572237035056
9.900000000000071,0.0691950761563202,0.8690918800737066,1.032957469189476
9.916666666666739,0.06919507390549132,0.8690919413918611,1.0329576520812784
9.933333333333406,0.06919504403605992,0.8690920023014886,1.0329579191282694
9.950000000000074,0.06919507390549132,0.8690919413918611,1.0329576520812784
9.966666666666741,0.06919516680799992,0.8690920080893186,1.0329572237035056
9.983333333333409,0.0691950761563202,0.8690918800737066,1.032957469189476
10.000000000000076,0.06919507390549132,0.8690919413918611,1.0329576520812784
10.016666666666744,0.06919504403605992,0.8690920023014886,1.0329579191282694
10.033333333333411,0.06919507390549132,0.8690919413918611,1.0329576520812784
10.050000000000079,0.06919516680799992,0.8690920080893186,1.0329572237035056
10.066666666666746,0.0691950761563202,0.8690918800737066,1.032957469189476
10.083333333333414,0.06919507390549132,0.8690919413918611,1.0329576520812784
10.100000000000081,0.06919504403605992,0.8690920023014886,1.0329579191282694
10.116666666666749,0.06919507390549132,0.8690919413918611,1.0329576520812784
10.133333333333416,0.06919516680799992,0.8690920080893186,1.0329572237035056
10.150000000000084,0.0691950761563202,0.8690918800737066,1.032957469189476
10.166666666666751,0.06919507390549132,0.8690919413918611,1.0329576520812784
10.183333333333419,0.06919504403605992,0.8690920023014886,1.0329579191282694
10.200000000000086,0.06919507390549132,0.8690919413918611,1.0329576520812784
10.216666666666754,0.06919516680799992,0.8690920080893186,1.0329572237035056
10.233333333333421,0.0691950761563202,0.8690918800737066,1.032957469189476
10.250000000000089,0.06919507390549132,0.8690919413918611,1.0329576520812784
10.266666666666756,0.06919504403605992,0.8690920023014886,1.0329579191282694
10.283333333333424,0.06919507390549132,0.8690919413918611,1.0329576520812784
10.300000000000091,0.06919516680799992,0.8690920080893186,1.0329572237035056
10.316666666666759,0.0691950761563202,0.8690918800737066,1.032957469189476
10.333333333333426,0.06919507390549132,0.8690919413918611,1.0329576520812784
10.350000000000094,0.06919504403605992,0.8690920023014886,1.0329579191282694
10.366666666666761,0.06919507390549132,0.8690919413918611,1.0329576520812784
10.383333333333429,0.06919516680799992,0.8690920080893186,1.0329572237035056
10.400000000000096,0.0691950761563202,0.8690918800737066,1.032957469189476
10.416666666666764,0.06919507390549132,0.8690919413918611,1.0329576520812784
10.433333333333431,0.06919504403605992,0.8690920023014886,1.0329579191282694
10.450000000000099,0.06919507390549132,0.8690919413918611,1.0329576520812784
10.466666666666766,0.06919516680799992,0.8690920080893186,1.0329572237035056
10.483333333333434,0.0691950761563202,0.8690918800737066,1.032957469189476
10.500000000000101,0.06919507390549132,0.8690919413918611,1.0329576520812784
10.516666666666769,0.06919504403605992,0.8690920023014886,1.0329579191282694
10.533333333333436,0.06919507390549132,0.8690919413918611,1.0329576520812784
10.550000000000104,0.06919516680799992,0.8690920080893186,1.0329572237035056
10.566666666666771,0.0691950761563202,0.8690918800737066,1.032957469189476
10.583333333333439,0.06919507390549132,0.8690919413918611,1.0329576520812784
10.600000000000106,0.06919504403605992,0.8690920023014886,1.0329579191282694
10.616666666666774,0.06919507390549132,0.8690919413918611,1.0329576520812784
10.633333333333441,0.06919516680799992,0.8690920080893186,1.0329572237035056
10.650000000000109,0.0691950761563202,0.8690918800737066,1.032957469189476
10.666666666666776,0.06919507390549132,0.8690919413918611,1.0329576520812784
10.683333333333444,0.06919504403605992,0.8690920023014886,1.0329579191282694
10.700000000000111,0.06919507390549132,0.8690919413918611,1.0329576520812784
10.716666666666779,0.06919516680799992,0.8690920080893186,1.0329572237035056
10.733333333333446,0.0691950761563202,0.8690918800737066,1.032957469189476
10.750000000000114,0.06919507390549132,0.8690919413918611,1.0329576520812784
10.766666666666781,0.06919504403605992,0.8690920023014886,1.0329579191282694
10.783333333333449,0.06919507390549132,0.8690919413918611,1.0329576520812784
10.800000000000116,0.06919516680799992,0.8690920080893186,1.0329572237035056
10.816666666666784,0.0691950761563202,0.8690918800737066,1.032957469189476
10.833333333333451,0.06919507390549132,0.8690919413918611,1.0329576520812784
10.850000000000119,0.06919504403605992,0.8690920023014886,1.0329579191282694
10.866666666666786,0.06919507390549132,0.8690919413918611,1.0329576520812784
10.883333333333454,0.06919516680799992,0.8690920080893186,1.0329572237035056
10.900000000000121,0.0691950761563202,0.8690918800737066,1.032957469189476
10.916666666666789,0.06919507390549132,0.8690919413918611,1.0329576520812784
10.933333333333456,0.06919504403605992,0.8690920023014886,1.0329579191282694
10.950000000000124,0.06919507390549132,0.8690919413918611,1.0329576520812784
10.966666666666791,0.06919516680799992,0.8690920080893186,1.0329572237035056
10.983333333333459,0.0691950761563202,0.8690918800737066,1.032957469189476
11.000000000000126,0.06919507390549132,0.8690919413918611,1.0329576520812784
11.016666666666794,0.06919504403605992,0.8690920023014886,1.0329579191282694
11.033333333333461,0.06919507390549132,0.8690919413918611,1.0329576520812784
11.050000000000129,0.06919516680799992,0.8690920080893186,1.0329572237035056
11.066666666666796,0.0691950761563202,0.8690918800737066,1.032957469189476
11.083333333333464,0.06919507390549132,0.8690919413918611,1.0329576520812784
11.100000000000131,0.06919504403605992,0.8690920023014886,1.0329579191282694
11.116666666666799,0.06919507390549132,0.8690919413918611,1.0329576520812784
11.133333333333466,0.06919516680799992,0.8690920080893186,1.0329572237035056
11.150000000000134,0.0691950761563202,0.8690918800737066,1.032957469189476
11.166666666666801,0.06919507390549132,0.8690919413918611,1.0329576520812784
11.183333333333469,0.06919504403605992,0.8690920023014886,1.0329579191282694
11.200000000000136,0.06919507390549132,0.8690919413918611,1.0329576520812784
11.216666666666804,0.06919516680799992,0.8690920080893186,1.0329572237035056
11.233333333333471,0.0691950761563202,0.8690918800737066,1.032957469189476
11.250000000000139,0.06919507390549132,0.8690919413918611,1.0329576520812784
11.266666666666806,0.06919504403605992,0.8690920023014886,1.0329579191282694
11.283333333333474,0.06919507390549132,0.8690919413918611,1.0329576520812784
11.300000000000141,0.06919516680799992,0.8690920080893186,1.0329572237035056
11.316666666666809,0.0691950761563202,0.8690918800737066,1.032957469189476
11.333333333333476,0.06919507390549132,0.8690919413918611,1.0329576520812784
11.350000000000144,0.06919504403605992,0.8690920023014886,1.0329579191282694
11.366666666666811,0.06919507390549132,0.8690919413918611,1.0329576520812784
11.383333333333479,0.06919516680799992,0.8690920080893186,1.0329572237035056
11.400000000000146,0.0691950761563202,0.8690918800737066,1.032957469189476
11.416666666666814,0.06919507390549132,0.8690919413918611,1.0329576520812784
11.433333333333481,0.06919504403605992,0.8690920023014886,1.0329579191282694
11.450000000000149,0.06919507390549132,0.8690919413918611,1.0329576520812784
11.466666666666816,0.06919516680799992,0.8690920080893186,1.0329572237035056
11.483333333333483,0.0691950761563202,0.8690918800737066,1.032957469189476
11.500000000000151,0.06919507390549132,0.8690919413918611,1.0329576520812784
11.516666666666818,0.06919504403605992,0.8690920023014886,1.0329579191282694
11.533333333333486,0.06919507390549132,0.8690919413918611,1.0329576520812784
11.550000000000153,0.06919516680799992,0.8690920080893186,1.0329572237035056
11.566666666666821,0.0691950761563202,0.8690918800737066,1.032957469189476
11.583333333333488,0.06919507390549132,0.8690919413918611,1.0329576520812784
11.600000000000156,0.06919504403605992,0.8690920023014886,1.0329579191282694
11.616666666666823,0.06919507390549132,0.8690919413918611,1.0329576520812784
11.633333333333491,0.06919516680799992,0.8690920080893186,1.0329572237035056
11.650000000000158,0.0691950761563202,0.8690918800737066,1.032957469189476
11.666666666666826,0.06919507390549132,0.8690919413918611,1.0329576520812784
11.683333333333493,0.06919504403605992,0.8690920023014886,1.0329579191282694
11.700000000000161,0.06919507390549132,0.8690919413918611,1.0329576520812784
11.716666666666828,0.06919516680799992,0.8690920080893186,1.0329572237035056
11.733333333333496,0.0691950761563202,0.8690918800737066,1.032957469189476
11.750000000000163,0.06919507390549132,0.8690919413918611,1.0329576520812784
11.766666666666831,0.06919504403605992,0.8690920023014886,1.0329579191282694
11.783333333333498,0.06919507390549132,0.8690919413918611,1.0329576520812784
11.800000000000166,0.06919516680799992,0.8690920080893186,1.0329572237035056
11.816666666666833,0.0691950761563202,0.8690918800737066,1.032957469189476
11.833333333333501,0.06919507390549132,0.8690919413918611,1.0329576520812784
11.850000000000168,0.06919504403605992,0.8690920023014886,1.0329579191282694
11.866666666666836,0.06919507390549132,0.8690919413918611,1.0329576520812784
11.883333333333503,0.06919516680799992,0.8690920080893186,1.0329572237035056
11.90000000000017,0.0691950761563202,0.8690918800737066,1.032957469189476
11.916666666666838,0.06919507390549132,0.8690919413918611,1.0329576520812784
11.933333333333506,0.06919504403605992,0.8690920023014886,1.0329579191282694
11.950000000000173,0.06919507390549132,0.8690919413918611,1.0329576520812784
11.96666666666684,0.06919516680799992,0.8690920080893186,1.0329572237035056
11.983333333333508,0.0691950761563202,0.8690918800737066,1.032957469189476
12.000000000000176,0.06919507390549132,0.8690919413918611,1.0329576520812784
12.016666666666843,0.06919504403605992,0.8690920023014886,1.0329579191282694
12.03333333333351,0.06919507390549132,0.8690919413918611,1.0329576520812784
12.050000000000178,0.06919516680799992,0.8690920080893186,1.0329572237035056
12.066666666666846,0.0691950761563202,0.8690918800737066,1.032957469189476
12.083333333333513,0.06919507390549132,0.8690919413918611,1.0329576520812784
12.10000000000018,0.06919504403605992,0.8690920023014886,1.0329579191282694
12.116666666666848,0.06919507390549132,0.8690919413918611,1.0329576520812784
12.133333333333516,0.06919516680799992,0.8690920080893186,1.0329572237035056
12.150000000000183,0.0691950761563202,0.8690918800737066,1.032957469189476
12.16666666666685,0.06919507390549132,0.8690919413918611,1.0329576520812784
12.183333333333518,0.06919504403605992,0.8690920023014886,1.0329579191282694
12.200000000000186,0.06919507390549132,0.8690919413918611,1.0329576520812784
12.216666666666853,0.06919516680799992,0.8690920080893186,1.0329572237035056
12.23333333333352,0.0691950761563202,0.8690918800737066,1.032957469189476
12.250000000000188,0.06919507390549132,0.8690919413918611,1.0329576520812784
12.266666666666856,0.06919504403605992,0.8690920023014886,1.0329579191282694
12.283333333333523,0.06919507390549132,0.8690919413918611,1.0329576520812784
12.30000000000019,0.06919516680799992,0.8690920080893186,1.0329572237035056
12.316666666666858,0.0691950761563202,0.8690918800737066,1.032957469189476
12.333333333333526,0.06919507390549132,0.8690919413918611,1.0329576520812784
12.350000000000193,0.06919504403605992,0.8690920023014886,1.0329579191282694
12.36666666666686,0.06919507390549132,0.8690919413918611,1.0329576520812784
12.383333333333528,0.06919516680799992,0.8690920080893186,1.0329572237035056
12.400000000000196,0.0691950761563202,0.8690918800737066,1.032957469189476
12.416666666666863,0.06919507390549132,0.8690919413918611,1.0329576520812784
12.43333333333353,0.06919504403605992,0.8690920023014886,1.0329579191282694
12.450000000000198,0.06919507390549132,0.8690919413918611,1.0329576520812784
12.466666666666866,0.06919516680799992,0.8690920080893186,1.0329572237035056
12.483333333333533,0.0691950761563202,0.8690918800737066,1.032957469189476
12.5000000000002,0.06919507390549132,0.8690919413918611,1.0329576520812784
12.516666666666868,0.06919504403605992,0.8690920023014886,1.0329579191282694
12.533333333333536,0.06919507390549132,0.8690919413918611,1.0329576520812784
12.550000000000203,0.06919516680799992,0.8690920080893186,1.0329572237035056
12.56666666666687,0.0691950761563202,0.8690918800737066,1.032957469189476
12.583333333333538,0.06919507390549132,0.8690919413918611,1.0329576520812784
12.600000000000206,0.06919504403605992,0.8690920023014886,1.0329579191282694
12.616666666666873,0.06919507390549132,0.8690919413918611,1.0329576520812784
12.63333333333354,0.06919516680799992,0.8690920080893186,1.0329572237035056
12.650000000000208,0.0691950761563202,0.8690918800737066,1.032957469189476
12.666666666666876,0.06919507390549132,0.8690919413918611,1.0329576520812784
12.683333333333543,0.06919504403605992,0.8690920023014886,1.0329579191282694
12.70000000000021,0.06919507390549132,0.8690919413918611,1.0329576520812784
12.716666666666878,0.06919516680799992,0.8690920080893186,1.0329572237035056
12.733333333333546,0.0691950761563202,0.8690918800737066,1.032957469189476
12.750000000000213,0.06919507390549132,0.8690919413918611,1.0329576520812784
12.76666666666688,0.06919504403605992,0.8690920023014886,1.0329579191282694
12.783333333333548,0.06919507390549132,0.8690919413918611,1.0329576520812784
12.800000000000216,0.06919516680799992,0.8690920080893186,1.0329572237035056
12.816666666666883,0.0691950761563202,0.8690918800737066,1.032957469189476
12.83333333333355,0.06919507390549132,0.8690919413918611,1.0329576520812784
12.850000000000218,0.06919504403605992,0.8690920023014886,1.0329579191282694
12.866666666666886,0.06919507390549132,0.8690919413918611,1.0329576520812784
12.883333333333553,0.06919516680799992,0.8690920080893186,1.0329572237035056
12.90000000000022,0.0691950761563202,0.8690918800737066,1.032957469189476
12.916666666666888,0.06919507390549132,0.8690919413918611,1.0329576520812784
12.933333333333556,0.06919504403605992,0.8690920023014886,1.0329579191282694
12.950000000000223,0.06919507390549132,0.8690919413918611,1.0329576520812784
12.96666666666689,0.06919516680799992,0.8690920080893186,1.0329572237035056
12.983333333333558,0.0691950761563202,0.8690918800737066,1.032957469189476
13.000000000000226,0.06919507390549132,0.8690919413918611,1.0329576520812784
13.016666666666893,0.06919504403605992,0.8690920023014886,1.0329579191282694
13.03333333333356,0.06919507390549132,0.8690919413918611,1.0329576520812784
13.050000000000228,0.06919516680799992,0.8690920080893186,1.0329572237035056
13.066666666666896,0.0691950761563202,0.8690918800737066,1.032957469189476
13.083333333333563,0.06919507390549132,0.8690919413918611,1.0329576520812784
13.10000000000023,0.06919504403605992,0.8690920023014886,1.0329579191282694
13.116666666666898,0.06919507390549132,0.8690919413918611,1.0329576520812784
13.133333333333566,0.06919516680799992,0.8690920080893186,1.0329572237035056
13.150000000000233,0.0691950761563202,0.8690918800737066,1.032957469189476
13.1666666666669,0.06919507390549132,0.8690919413918611,1.0329576520812784
13.183333333333568,0.06919504403605992,0.8690920023014886,1.0329579191282694
13.200000000000236,0.06919507390549132,0.8690919413918611,1.0329576520812784
13.216666666666903,0.06919516680799992,0.8690920080893186,1.0329572237035056
13.23333333333357,0.0691950761563202,0.8690918800737066,1.032957469189476
13.250000000000238,0.06919507390549132,0.8690919413918611,1.0329576520812784
13.266666666666906,0.06919504403605992,0.8690920023014886,1.0329579191282694
13.283333333333573,0.06919507390549132,0.8690919413918611,1.0329576520812784
13.30000000000024,0.06919516680799992,0.8690920080893186,1.0329572237035056
13.316666666666908,0.0691950761563202,0.8690918800737066,1.032957469189476
13.333333333333576,0.06919507390549132,0.8690919413918611,1.0329576520812784
13.350000000000243,0.06919504403605992,0.8690920023014886,1.0329579191282694
13.36666666666691,0.06919507390549132,0.8690919413918611,1.0329576520812784
13.383333333333578,0.06919516680799992,0.8690920080893186,1.0329572237035056
13.400000000000245,0.0691950761563202,0.8690918800737066,1.032957469189476
13.416666666666913,0.06919507390549132,0.8690919413918611,1.0329576520812784
13.43333333333358,0.06919504403605992,0.8690920023014886,1.0329579191282694
13.450000000000248,0.06919507390549132,0.8690919413918611,1.0329576520812784
13.466666666666915,0.06919516680799992,0.8690920080893186,1.0329572237035056
13.483333333333583,0.0691950761563202,0.8690918800737066,1.032957469189476
13.50000000000025,0.06919507390549132,0.8690919413918611,1.0329576520812784
13.516666666666918,0.06919504403605992,0.8690920023014886,1.0329579191282694
13.533333333333585,0.06919507390549132,0.8690919413918611,1.0329576520812784
13.550000000000253,0.06919516680799992,0.8690920080893186,1.0329572237035056
13.56666666666692,0.0691950761563202,0.8690918800737066,1.032957469189476
13.583333333333588,0.06919507390549132,0.8690919413918611,1.0329576520812784
13.600000000000255,0.06919504403605992,0.8690920023014886,1.0329579191282694
13.616666666666923,0.06919507390549132,0.8690919413918611,1.0329576520812784
13.63333333333359,0.06919516680799992,0.8690920080893186,1.0329572237035056
13.650000000000258,0.0691950761563202,0.8690918800737066,1.032957469189476
13.666666666666925,0.06919507390549132,0.8690919413918611,1.0329576520812784
13.683333333333593,0.06919504403605992,0.8690920023014886,1.0329579191282694
13.70000000000026,0.06919507390549132,0.8690919413918611,1.0329576520812784
13.716666666666928,0.06919516680799992,0.8690920080893186,1.0329572237035056
13.733333333333595,0.0691950761563202,0.8690918800737066,1.032957469189476
13.750000000000263,0.06919507390549132,0.8690919413918611,1.0329576520812784
13.76666666666693,0.06919504403605992,0.8690920023014886,1.0329579191282694
13.783333333333598,0.06919507390549132,0.8690919413918611,1.0329576520812784
13.800000000000265,0.06919516680799992,0.8690920080893186,1.0329572237035056
13.816666666666933,0.0691950761563202,0.8690918800737066,1.032957469189476
13.8333333333336,0.06919507390549132,0.8690919413918611,1.0329576520812784
13.850000000000268,0.06919504403605992,0.8690920023014886,1.0329579191282694
13.866666666666935,0.06919507390549132,0.8690919413918611,1.0329576520812784
13.883333333333603,0.06919516680799992,0.8690920080893186,1.0329572237035056
13.90000000000027,0.0691950761563202,0.8690918800737066,1.032957469189476
13.916666666666938,0.06919507390549132,0.8690919413918611,1.0329576520812784
13.933333333333605,0.06919504403605992,0.8690920023014886,1.0329579191282694
13.950000000000273,0.06919507390549132,0.8690919413918611,1.0329576520812784
13.96666666666694,0.06919516680799992,0.8690920080893186,1.0329572237035056
13.983333333333608,0.0691950761563202,0.8690918800737066,1.032957469189476
14.000000000000275,0.06919507390549132,0.8690919413918611,1.0329576520812784
14.016666666666943,0.06919504403605992,0.8690920023014886,1.0329579191282694
14.03333333333361,0.06919507390549132,0.8690919413918611,1.0329576520812784
14.050000000000278,0.06919516680799992,0.8690920080893186,1.0329572237035056
14.066666666666945,0.0691950761563202,0.8690918800737066,1.032957469189476
14.083333333333613,0.06919507390549132,0.8690919413918611,1.0329576520812784
14.10000000000028,0.06919504403605992,0.8690920023014886,1.0329579191282694
14.116666666666948,0.06919507390549132,0.8690919413918611,1.0329576520812784
14.133333333333615,0.06919516680799992,0.8690920080893186,1.0329572237035056
14.150000000000283,0.0691950761563202,0.8690918800737066,1.032957469189476
14.16666666666695,0.06919507390549132,0.8690919413918611,1.0329576520812784
14.183333333333618,0.06919504403605992,0.8690920023014886,1.0329579191282694
14.200000000000285,0.06919507390549132,0.8690919413918611,1.0329576520812784
14.216666666666953,0.06919516680799992,0.8690920080893186,1.0329572237035056
14.23333333333362,0.0691950761563202,0.8690918800737066,1.032957469189476
14.250000000000288,0.06919507390549132,0.8690919413918611,1.0329576520812784
14.266666666666955,0.06919504403605992,0.8690920023014886,1.0329579191282694
14.283333333333623,0.06919507390549132,0.8690919413918611,1.0329576520812784
14.30000000000029,0.06919516680799992,0.8690920080893186,1.0329572237035056
14.316666666666958,0.0691950761563202,0.8690918800737066,1.032957469189476
14.333333333333625,0.06919507390549132,0.8690919413918611,1.0329576520812784
14.350000000000293,0.06919504403605992,0.8690920023014886,1.0329579191282694
14.36666666666696,0.06919507390549132,0.8690919413918611,1.0329576520812784
14.383333333333628,0.06919516680799992,0.8690920080893186,1.0329572237035056
14.400000000000295,0.0691950761563202,0.8690918800737066,1.032957469189476
14.416666666666963,0.06919507390549132,0.8690919413918611,1.0329576520812784
14.43333333333363,0.06919504403605992,0.8690920023014886,1.0329579191282694
14.450000000000298,0.06919507390549132,0.8690919413918611,1.0329576520812784
14.466666666666965,0.06919516680799992,0.8690920080893186,1.0329572237035056
14.483333333333633,0.0691950761563202,0.8690918800737066,1.032957469189476
14.5000000000003,0.06919507390549132,0.8690919413918611,1.0329576520812784
14.516666666666968,0.06919504403605992,0.8690920023014886,1.0329579191282694
14.533333333333635,0.06919507390549132,0.8690919413918611,1.0329576520812784
14.550000000000303,0.06919516680799992,0.8690920080893186,1.0329572237035056
14.56666666666697,0.0691950761563202,0.8690918800737066,1.032957469189476
14.583333333333638,0.06919507390549132,0.8690919413918611,1.0329576520812784
14.600000000000305,0.06919504403605992,0.8690920023014886,1.0329579191282694
14.616666666666973,0.06919507390549132,0.8690919413918611,1.0329576520812784
14.63333333333364,0.06919516680799992,0.8690920080893186,1.0329572237035056
14.650000000000308,0.0691950761563202,0.8690918800737066,1.032957469189476
14.666666666666975,0.06919507390549132,0.8690919413918611,1.0329576520812784
14.683333333333643,0.06919504403605992,0.8690920023014886,1.0329579191282694
14.70000000000031,0.06919507390549132,0.8690919413918611,1.0329576520812784
14.716666666666978,0.06919516680799992,0.8690920080893186,1.0329572237035056
14.733333333333645,0.0691950761563202,0.8690918800737066,1.032957469189476
14.750000000000313,0.06919507390549132,0.8690919413918611,1.0329576520812784
14.76666666666698,0.06919504403605992,0.8690920023014886,1.0329579191282694
14.783333333333648,0.06919507390549132,0.8690919413918611,1.0329576520812784
14.800000000000315,0.06919516680799992,0.8690920080893186,1.0329572237035056
14.816666666666983,0.0691950761563202,0.8690918800737066,1.032957469189476
14.83333333333365,0.06919507390549132,0.8690919413918611,1.0329576520812784
14.850000000000318,0.06919504403605992,0.8690920023014886,1.0329579191282694
14.866666666666985,0.06919507390549132,0.8690919413918611,1.0329576520812784
14.883333333333653,0.06919516680799992,0.8690920080893186,1.0329572237035056
14.90000000000032,0.0691950761563202,0.8690918800737066,1.032957469189476
14.916666666666988,0.06919507390549132,0.8690919413918611,1.0329576520812784
14.933333333333655,0.06919504403605992,0.8690920023014886,1.0329579191282694
14.950000000000323,0.06919507390549132,0.8690919413918611,1.0329576520812784
14.96666666666699,0.06919516680799992,0.8690920080893186,1.0329572237035056
14.983333333333658,0.0691950761563202,0.8690918800737066,1.032957469189476
15.000000000000325,0.06919507390549132,0.8690919413918611,1.0329576520812784
15.016666666666993,0.06919504403605992,0.8690920023014886,1.0329579191282694
15.03333333333366,0.06919507390549132,0.8690919413918611,1.0329576520812784
15.050000000000328,0.06919516680799992,0.8690920080893186,1.0329572237035056
15.066666666666995,0.0691950761563202,0.8690918800737066,1.032957469189476
15.083333333333663,0.06919507390549132,0.8690919413918611,1.0329576520812784
15.10000000000033,0.06919504403605992,0.8690920023014886,1.0329579191282694
15.116666666666998,0.06919507390549132,0.8690919413918611,1.0329576520812784
15.133333333333665,0.06919516680799992,0.8690920080893186,1.0329572237035056
15.150000000000333,0.0691950761563202,0.8690918800737066,1.032957469189476
15.166666666667,0.06919507390549132,0.8690919413918611,1.0329576520812784
15.183333333333668,0.06919504403605992,0.8690920023014886,1.0329579191282694
15.200000000000335,0.06919507390549132,0.8690919413918611,1.0329576520812784
15.216666666667003,0.06919516680799992,0.8690920080893186,1.0329572237035056
15.23333333333367,0.0691950761563202,0.8690918800737066,1.032957469189476
15.250000000000338,0.06919507390549132,0.8690919413918611,1.0329576520812784
15.266666666667005,0.06919504403605992,0.8690920023014886,1.0329579191282694
15.283333333333672,0.06919507390549132,0.8690919413918611,1.0329576520812784
15.30000000000034,0.06919516680799992,0.8690920080893186,1.0329572237035056
15.316666666667007,0.0691950761563202,0.8690918800737066,1.032957469189476
15.333333333333675,0.06919507390549132,0.8690919413918611,1.0329576520812784
15.350000000000342,0.06919504403605992,0.8690920023014886,1.0329579191282694
15.36666666666701,0.06919507390549132,0.8690919413918611,1.0329576520812784
15.383333333333677,0.06919516680799992,0.8690920080893186,1.0329572237035056
15.400000000000345,0.0691950761563202,0.8690918800737066,1.032957469189476
15.416666666667012,0.06919507390549132,0.8690919413918611,1.0329576520812784
15.43333333333368,0.06919504403605992,0.8690920023014886,1.0329579191282694
15.450000000000347,0.06919507390549132,0.8690919413918611,1.0329576520812784
15.466666666667015,0.06919516680799992,0.8690920080893186,1.0329572237035056
15.483333333333682,0.0691950761563202,0.8690918800737066,1.032957469189476
15.50000000000035,0.06919507390549132,0.8690919413918611,1.0329576520812784
15.516666666667017,0.06919504403605992,0.8690920023014886,1.0329579191282694
15.533333333333685,0.06919507390549132,0.8690919413918611,1.0329576520812784
15.550000000000352,0.06919516680799992,0.8690920080893186,1.0329572237035056
15.56666666666702,0.0691950761563202,0.8690918800737066,1.032957469189476
15.583333333333687,0.06919507390549132,0.8690919413918611,1.0329576520812784
15.600000000000355,0.06919504403605992,0.8690920023014886,1.0329579191282694
15.616666666667022,0.06919507390549132,0.8690919413918611,1.0329576520812784
15.63333333333369,0.06919516680799992,0.8690920080893186,1.0329572237035056
15.650000000000357,0.0691950761563202,0.8690918800737066,1.032957469189476
15.666666666667025,0.06919507390549132,0.8690919413918611,1.0329576520812784
15.683333333333692,0.06919504403605992,0.8690920023014886,1.0329579191282694
15.70000000000036,0.06919507390549132,0.8690919413918611,1.0329576520812784
15.716666666667027,0.06919516680799992,0.8690920080893186,1.0329572237035056
15.733333333333695,0.0691950761563202,0.8690918800737066,1.032957469189476
15.750000000000362,0.06919507390549132,0.8690919413918611,1.0329576520812784
15.76666666666703,0.06919504403605992,0.8690920023014886,1.0329579191282694
15.783333333333697,0.06919507390549132,0.8690919413918611,1.0329576520812784
15.800000000000365,0.06919516680799992,0.8690920080893186,1.0329572237035056
15.816666666667032,0.0691950761563202,0.8690918800737066,1.032957469189476
15.8333333333337,0.06919507390549132,0.8690919413918611,1.0329576520812784
15.850000000000367,0.06919504403605992,0.8690920023014886,1.0329579191282694
15.866666666667035,0.06919507390549132,0.8690919413918611,1.0329576520812784
15.883333333333702,0.06919516680799992,0.8690920080893186,1.0329572237035056
15.90000000000037,0.0691950761563202,0.8690918800737066,1.032957469189476
15.916666666667037,0.06919507390549132,0.8690919413918611,1.0329576520812784
15.933333333333705,0.06919504403605992,0.8690920023014886,1.0329579191282694
15.950000000000372,0.06919507390549132,0.8690919413918611,1.0329576520812784
15.96666666666704,0.06919516680799992,0.8690920080893186,1.0329572237035056
15.983333333333707,0.0691950761563202,0.8690918800737066,1.032957469189476
16.000000000000373,0.06919507390549132,0.8690919413918611,1.0329576520812784
16.01666666666704,0.06919504403605992,0.8690920023014886,1.0329579191282694
16.033333333333704,0.06919507390549132,0.8690919413918611,1.0329576520812784
16.05000000000037,0.06919516680799992,0.8690920080893186,1.0329572237035056
16.066666666667036,0.0691950761563202,0.8690918800737066,1.032957469189476
16.0833333333337,0.06919507390549132,0.8690919413918611,1.0329576520812784
16.100000000000367,0.06919504403605992,0.8690920023014886,1.0329579191282694
16.116666666667033,0.06919507390549132,0.8690919413918611,1.0329576520812784
16.1333333333337,0.06919516680799992,0.8690920080893186,1.0329572237035056
16.150000000000365,0.0691950761563202,0.8690918800737066,1.032957469189476
16.16666666666703,0.06919507390549132,0.8690919413918611,1.0329576520812784
16.183333333333696,0.06919504403605992,0.8690920023014886,1.0329579191282694
16.20000000000036,0.06919507390549132,0.8690919413918611,1.0329576520812784
16.216666666667027,0.06919516680799992,0.8690920080893186,1.0329572237035056
16.233333333333693,0.0691950761563202,0.8690918800737066,1.032957469189476
16.25000000000036,0.06919507390549132,0.8690919413918611,1.0329576520812784
16.266666666667025,0.06919504403605992,0.8690920023014886,1.0329579191282694
16.28333333333369,0.06919507390549132,0.8690919413918611,1.0329576520812784
16.300000000000356,0.06919516680799992,0.8690920080893186,1.0329572237035056
16.31666666666702,0.0691950761563202,0.8690918800737066,1.032957469189476
16.333333333333687,0.06919507390549132,0.8690919413918611,1.0329576520812784
16.350000000000353,0.06919504403605992,0.8690920023014886,1.0329579191282694
16.36666666666702,0.06919507390549132,0.8690919413918611,1.0329576520812784
16.383333333333685,0.06919516680799992,0.8690920080893186,1.0329572237035056
16.40000000000035,0.0691950761563202,0.8690918800737066,1.032957469189476
16.416666666667016,0.06919507390549132,0.8690919413918611,1.0329576520812784
16.43333333333368,0.06919504403605992,0.8690920023014886,1.0329579191282694
16.450000000000347,0.06919507390549132,0.8690919413918611,1.0329576520812784
16.466666666667013,0.06919516680799992,0.8690920080893186,1.0329572237035056
16.48333333333368,0.0691950761563202,0.8690918800737066,1.032957469189476
16.500000000000345,0.06919507390549132,0.8690919413918611,1.0329576520812784
16.51666666666701,0.06919504403605992,0.8690920023014886,1.0329579191282694
16.533333333333676,0.06919507390549132,0.8690919413918611,1.0329576520812784
16.55000000000034,0.06919516680799992,0.8690920080893186,1.0329572237035056
16.566666666667007,0.0691950761563202,0.8690918800737066,1.032957469189476
16.583333333333673,0.06919507390549132,0.8690919413918611,1.0329576520812784
16.60000000000034,0.06919504403605992,0.8690920023014886,1.0329579191282694
16.616666666667005,0.06919507390549132,0.8690919413918611,1.0329576520812784
16.63333333333367,0.06919516680799992,0.8690920080893186,1.0329572237035056
16.650000000000336,0.0691950761563202,0.8690918800737066,1.032957469189476
16.666666666667002,0.06919507390549132,0.8690919413918611,1.0329576520812784
16.683333333333668,0.06919504403605992,0.8690920023014886,1.0329579191282694
16.700000000000333,0.06919507390549132,0.8690919413918611,1.0329576520812784
16.716666666667,0.06919516680799992,0.8690920080893186,1.0329572237035056
16.733333333333665,0.0691950761563202,0.8690918800737066,1.032957469189476
16.75000000000033,0.06919507390549132,0.8690919413918611,1.0329576520812784
16.766666666666996,0.06919504403605992,0.8690920023014886,1.0329579191282694
16.783333333333662,0.06919507390549132,0.8690919413918611,1.0329576520812784
16.800000000000328,0.06919516680799992,0.8690920080893186,1.0329572237035056
16.816666666666993,0.0691950761563202,0.8690918800737066,1.032957469189476
16.83333333333366,0.06919507390549132,0.8690919413918611,1.0329576520812784
16.850000000000325,0.06919504403605992,0.8690920023014886,1.0329579191282694
16.86666666666699,0.06919507390549132,0.8690919413918611,1.0329576520812784
16.883333333333656,0.06919516680799992,0.8690920080893186,1.0329572237035056
16.900000000000322,0.0691950761563202,0.8690918800737066,1.032957469189476
16.916666666666988,0.06919507390549132,0.8690919413918611,1.0329576520812784
16.933333333333653,0.06919504403605992,0.8690920023014886,1.0329579191282694
16.95000000000032,0.06919507390549132,0.8690919413918611,1.0329576520812784
16.966666666666985,0.06919516680799992,0.8690920080893186,1.0329572237035056
16.98333333333365,0.0691950761563202,0.8690918800737066,1.032957469189476
17.000000000000316,0.06919507390549132,0.8690919413918611,1.0329576520812784
17.016666666666982,0.06919504403605992,0.8690920023014886,1.0329579191282694
17.033333333333648,0.06919507390549132,0.8690919413918611,1.0329576520812784
17.050000000000313,0.06919516680799992,0.8690920080893186,1.0329572237035056
17.06666666666698,0.0691950761563202,0.8690918800737066,1.032957469189476
17.083333333333645,0.06919507390549132,0.8690919413918611,1.0329576520812784
17.10000000000031,0.06919504403605992,0.8690920023014886,1.0329579191282694
17.116666666666976,0.06919507390549132,0.8690919413918611,1.0329576520812784
17.133333333333642,0.06919516680799992,0.8690920080893186,1.0329572237035056
17.150000000000308,0.0691950761563202,0.8690918800737066,1.032957469189476
17.166666666666973,0.06919507390549132,0.8690919413918611,1.0329576520812784
17.18333333333364,0.06919504403605992,0.8690920023014886,1.0329579191282694
17.200000000000305,0.06919507390549132,0.8690919413918611,1.0329576520812784
17.21666666666697,0.06919516680799992,0.8690920080893186,1.0329572237035056
17.233333333333636,0.0691950761563202,0.8690918800737066,1.032957469189476
17.250000000000302,0.06919507390549132,0.8690919413918611,1.0329576520812784
17.266666666666968,0.06919504403605992,0.8690920023014886,1.0329579191282694
17.283333333333633,0.06919507390549132,0.8690919413918611,1.0329576520812784
17.3000000000003,0.06919516680799992,0.8690920080893186,1.0329572237035056
17.316666666666965,0.0691950761563202,0.8690918800737066,1.032957469189476
17.33333333333363,0.06919507390549132,0.8690919413918611,1.0329576520812784
17.350000000000296,0.06919504403605992,0.8690920023014886,1.0329579191282694
17.366666666666962,0.06919507390549132,0.8690919413918611,1.0329576520812784
17.383333333333628,0.06919516680799992,0.8690920080893186,1.0329572237035056
17.400000000000293,0.0691950761563202,0.8690918800737066,1.032957469189476
17.41666666666696,0.06919507390549132,0.8690919413918611,1.0329576520812784
17.433333333333625,0.06919504403605992,0.8690920023014886,1.0329579191282694
17.45000000000029,0.06919507390549132,0.8690919413918611,1.0329576520812784
17.466666666666956,0.06919516680799992,0.8690920080893186,1.0329572237035056
17.483333333333622,0.0691950761563202,0.8690918800737066,1.032957469189476
17.500000000000288,0.06919507390549132,0.8690919413918611,1.0329576520812784
17.516666666666953,0.06919504403605992,0.8690920023014886,1.0329579191282694
17.53333333333362,0.06919507390549132,0.8690919413918611,1.0329576520812784
17.550000000000285,0.06919516680799992,0.8690920080893186,1.0329572237035056
17.56666666666695,0.0691950761563202,0.8690918800737066,1.032957469189476
17.583333333333616,0.06919507390549132,0.8690919413918611,1.0329576520812784
17.600000000000282,0.06919504403605992,0.8690920023014886,1.0329579191282694
17.616666666666948,0.06919507390549132,0.8690919413918611,1.0329576520812784
17.633333333333614,0.06919516680799992,0.8690920080893186,1.0329572237035056
17.65000000000028,0.0691950761563202,0.8690918800737066,1.032957469189476
17.666666666666945,0.06919507390549132,0.8690919413918611,1.0329576520812784
17.68333333333361,0.06919504403605992,0.8690920023014886,1.0329579191282694
17.700000000000276,0.06919507390549132,0.8690919413918611,1.0329576520812784
17.716666666666942,0.06919516680799992,0.8690920080893186,1.0329572237035056
17.733333333333608,0.0691950761563202,0.8690918800737066,1.032957469189476
17.750000000000274,0.06919507390549132,0.8690919413918611,1.0329576520812784
17.76666666666694,0.06919504403605992,0.8690920023014886,1.0329579191282694
17.783333333333605,0.06919507390549132,0.8690919413918611,1.0329576520812784
17.80000000000027,0.06919516680799992,0.8690920080893186,1.0329572237035056
17.816666666666936,0.0691950761563202,0.8690918800737066,1.032957469189476
17.833333333333602,0.06919507390549132,0.8690919413918611,1.0329576520812784
17.850000000000268,0.06919504403605992,0.8690920023014886,1.0329579191282694
17.866666666666934,0.06919507390549132,0.8690919413918611,1.0329576520812784
17.8833333333336,0.06919516680799992,0.8690920080893186,1.0329572237035056
17.900000000000265,0.0691950761563202,0.8690918800737066,1.032957469189476
17.91666666666693,0.06919507390549132,0.8690919413918611,1.0329576520812784
17.933333333333596,0.06919504403605992,0.8690920023014886,1.0329579191282694
17.950000000000262,0.06919507390549132,0.8690919413918611,1.0329576520812784
17.966666666666928,0.06919516680799992,0.8690920080893186,1.0329572237035056
17.983333333333594,0.0691950761563202,0.8690918800737066,1.032957469189476
18.00000000000026,0.06919507390549132,0.8690919413918611,1.0329576520812784
18.016666666666925,0.06919504403605992,0.8690920023014886,1.0329579191282694
18.03333333333359,0.06919507390549132,0.8690919413918611,1.0329576520812784
18.050000000000257,0.06919516680799992,0.8690920080893186,1.0329572237035056
18.066666666666922,0.0691950761563202,0.8690918800737066,1.032957469189476
18.083333333333588,0.06919507390549132,0.8690919413918611,1.0329576520812784
18.100000000000254,0.06919504403605992,0.8690920023014886,1.0329579191282694
18.11666666666692,0.06919507390549132,0.8690919413918611,1.0329576520812784
18.133333333333585,0.06919516680799992,0.8690920080893186,1.0329572237035056
18.15000000000025,0.0691950761563202,0.8690918800737066,1.032957469189476
18.166666666666917,0.06919507390549132,0.8690919413918611,1.0329576520812784
18.183333333333582,0.06919504403605992,0.8690920023014886,1.0329579191282694
18.200000000000248,0.06919507390549132,0.8690919413918611,1.0329576520812784
18.216666666666914,0.06919516680799992,0.8690920080893186,1.0329572237035056
18.23333333333358,0.0691950761563202,0.8690918800737066,1.032957469189476
18.250000000000245,0.06919507390549132,0.8690919413918611,1.0329576520812784
18.26666666666691,0.06919504403605992,0.8690920023014886,1.0329579191282694
18.283333333333577,0.06919507390549132,0.8690919413918611,1.0329576520812784
18.300000000000242,0.06919516680799992,0.8690920080893186,1.0329572237035056
18.316666666666908,0.0691950761563202,0.8690918800737066,1.032957469189476
18.333333333333574,0.06919507390549132,0.8690919413918611,1.0329576520812784
18.35000000000024,0.06919504403605992,0.8690920023014886,1.0329579191282694
18.366666666666905,0.06919507390549132,0.8690919413918611,1.0329576520812784
18.38333333333357,0.06919516680799992,0.8690920080893186,1.0329572237035056
18.400000000000237,0.0691950761563202,0.8690918800737066,1.032957469189476
18.416666666666902,0.06919507390549132,0.8690919413918611,1.0329576520812784
18.433333333333568,0.06919504403605992,0.8690920023014886,1.0329579191282694
18.450000000000234,0.06919507390549132,0.8690919413918611,1.0329576520812784
18.4666666666669,0.06919516680799992,0.8690920080893186,1.0329572237035056
18.483333333333565,0.0691950761563202,0.8690918800737066,1.032957469189476
18.50000000000023,0.06919507390549132,0.8690919413918611,1.0329576520812784
18.516666666666897,0.06919504403605992,0.8690920023014886,1.0329579191282694
18.533333333333562,0.06919507390549132,0.8690919413918611,1.0329576520812784
18.550000000000228,0.06919516680799992,0.8690920080893186,1.0329572237035056
18.566666666666894,0.0691950761563202,0.8690918800737066,1.032957469189476
18.58333333333356,0.06919507390549132,0.8690919413918611,1.0329576520812784
18.600000000000225,0.06919504403605992,0.8690920023014886,1.0329579191282694
18.61666666666689,0.06919507390549132,0.8690919413918611,1.0329576520812784
18.633333333333557,0.06919516680799992,0.8690920080893186,1.0329572237035056
18.650000000000222,0.0691950761563202,0.8690918800737066,1.032957469189476
18.666666666666888,0.06919507390549132,0.8690919413918611,1.0329576520812784
18.683333333333554,0.06919504403605992,0.8690920023014886,1.0329579191282694
18.70000000000022,0.06919507390549132,0.8690919413918611,1.0329576520812784
18.716666666666885,0.06919516680799992,0.8690920080893186,1.0329572237035056
18.73333333333355,0.0691950761563202,0.8690918800737066,1.032957469189476
18.750000000000217,0.06919507390549132,0.8690919413918611,1.0329576520812784
18.766666666666882,0.06919504403605992,0.8690920023014886,1.0329579191282694
18.783333333333548,0.06919507390549132,0.8690919413918611,1.0329576520812784
18.800000000000214,0.06919516680799992,0.8690920080893186,1.0329572237035056
18.81666666666688,0.0691950761563202,0.8690918800737066,1.032957469189476
18.833333333333545,0.06919507390549132,0.8690919413918611,1.0329576520812784
18.85000000000021,0.06919504403605992,0.8690920023014886,1.0329579191282694
18.866666666666877,0.06919507390549132,0.8690919413918611,1.0329576520812784
18.883333333333542,0.06919516680799992,0.8690920080893186,1.0329572237035056
18.900000000000208,0.0691950761563202,0.8690918800737066,1.032957469189476
18.916666666666874,0.06919507390549132,0.8690919413918611,1.0329576520812784
18.93333333333354,0.06919504403605992,0.8690920023014886,1.0329579191282694
18.950000000000205,0.06919507390549132,0.8690919413918611,1.0329576520812784
18.96666666666687,0.06919516680799992,0.8690920080893186,1.0329572237035056
18.983333333333537,0.0691950761563202,0.8690918800737066,1.032957469189476
19.000000000000203,0.06919507390549132,0.8690919413918611,1.0329576520812784
19.01666666666687,0.06919504403605992,0.8690920023014886,1.0329579191282694
19.033333333333534,0.06919507390549132,0.8690919413918611,1.0329576520812784
19.0500000000002,0.06919516680799992,0.8690920080893186,1.0329572237035056
19.066666666666865,0.0691950761563202,0.8690918800737066,1.032957469189476
19.08333333333353,0.06919507390549132,0.8690919413918611,1.0329576520812784
19.100000000000197,0.06919504403605992,0.8690920023014886,1.0329579191282694
19.116666666666863,0.06919507390549132,0.8690919413918611,1.0329576520812784
19.13333333333353,0.06919516680799992,0.8690920080893186,1.0329572237035056
19.150000000000194,0.0691950761563202,0.8690918800737066,1.032957469189476
19.16666666666686,0.06919507390549132,0.8690919413918611,1.0329576520812784
19.183333333333525,0.06919504403605992,0.8690920023014886,1.0329579191282694
19.20000000000019,0.06919507390549132,0.8690919413918611,1.0329576520812784
19.216666666666857,0.06919516680799992,0.8690920080893186,1.0329572237035056
19.233333333333523,0.0691950761563202,0.8690918800737066,1.032957469189476
19.25000000000019,0.06919507390549132,0.8690919413918611,1.0329576520812784
19.266666666666854,0.06919504403605992,0.8690920023014886,1.0329579191282694
19.28333333333352,0.06919507390549132,0.8690919413918611,1.0329576520812784
19.300000000000185,0.06919516680799992,0.8690920080893186,1.0329572237035056
19.31666666666685,0.0691950761563202,0.8690918800737066,1.032957469189476
19.333333333333517,0.06919507390549132,0.8690919413918611,1.0329576520812784
19.350000000000183,0.06919504403605992,0.8690920023014886,1.0329579191282694
19.36666666666685,0.06919507390549132,0.8690919413918611,1.0329576520812784
19.383333333333514,0.06919516680799992,0.8690920080893186,1.0329572237035056
19.40000000000018,0.0691950761563202,0.8690918800737066,1.032957469189476
19.416666666666845,0.06919507390549132,0.8690919413918611,1.0329576520812784
19.43333333333351,0.06919504403605992,0.8690920023014886,1.0329579191282694
19.450000000000177,0.06919507390549132,0.8690919413918611,1.0329576520812784
19.466666666666843,0.06919516680799992,0.8690920080893186,1.0329572237035056
19.48333333333351,0.0691950761563202,0.8690918800737066,1.032957469189476
19.500000000000174,0.06919507390549132,0.8690919413918611,1.0329576520812784
19.51666666666684,0.06919504403605992,0.8690920023014886,1.0329579191282694
19.533333333333506,0.06919507390549132,0.8690919413918611,1.0329576520812784
19.55000000000017,0.06919516680799992,0.8690920080893186,1.0329572237035056
19.566666666666837,0.0691950761563202,0.8690918800737066,1.032957469189476
19.583333333333503,0.06919507390549132,0.8690919413918611,1.0329576520812784
19.60000000000017,0.06919504403605992,0.8690920023014886,1.0329579191282694
19.616666666666834,0.06919507390549132,0.8690919413918611,1.0329576520812784
19.6333333333335,0.06919516680799992,0.8690920080893186,1.0329572237035056
19.650000000000166,0.0691950761563202,0.8690918800737066,1.032957469189476
19.66666666666683,0.06919507390549132,0.8690919413918611,1.0329576520812784
19.683333333333497,0.06919504403605992,0.8690920023014886,1.0329579191282694
19.700000000000163,0.06919507390549132,0.8690919413918611,1.0329576520812784
19.71666666666683,0.06919516680799992,0.8690920080893186,1.0329572237035056
19.733333333333494,0.0691950761563202,0.8690918800737066,1.032957469189476
19.75000000000016,0.06919507390549132,0.8690919413918611,1.0329576520812784
19.766666666666826,0.06919504403605992,0.8690920023014886,1.0329579191282694
19.78333333333349,0.06919507390549132,0.8690919413918611,1.0329576520812784
19.800000000000157,0.06919516680799992,0.8690920080893186,1.0329572237035056
19.816666666666823,0.0691950761563202,0.8690918800737066,1.032957469189476
19.83333333333349,0.06919507390549132,0.8690919413918611,1.0329576520812784
19.850000000000154,0.06919504403605992,0.8690920023014886,1.0329579191282694
19.86666666666682,0.06919507390549132,0.8690919413918611,1.0329576520812784
19.883333333333486,0.06919516680799992,0.8690920080893186,1.0329572237035056
19.90000000000015,0.0691950761563202,0.8690918800737066,1.032957469189476
19.916666666666817,0.06919507390549132,0.8690919413918611,1.0329576520812784
19.933333333333483,0.06919504403605992,0.8690920023014886,1.0329579191282694
19.95000000000015,0.06919507390549132,0.8690919413918611,1.0329576520812784
19.966666666666814,0.06919516680799992,0.8690920080893186,1.0329572237035056
19.98333333333348,0.0691950761563202,0.8690918800737066,1.032957469189476
20.000000000000146,0.06919507390549132,0.8690919413918611,1.0329576520812784
20.01666666666681,0.06919504403605992,0.8690920023014886,1.0329579191282694
20.033333333333477,0.06919507390549132,0.8690919413918611,1.0329576520812784
20.050000000000143,0.06919516680799992,0.8690920080893186,1.0329572237035056
20.06666666666681,0.0691950761563202,0.8690918800737066,1.032957469189476
20.083333333333474,0.06919507390549132,0.8690919413918611,1.0329576520812784
20.10000000000014,0.06919504403605992,0.8690920023014886,1.0329579191282694
20.116666666666806,0.06919507390549132,0.8690919413918611,1.0329576520812784
20.13333333333347,0.06919516680799992,0.8690920080893186,1.0329572237035056
20.150000000000137,0.0691950761563202,0.8690918800737066,1.032957469189476
20.166666666666803,0.06919507390549132,0.8690919413918611,1.0329576520812784
20.18333333333347,0.06919504403605992,0.8690920023014886,1.0329579191282694
20.200000000000134,0.06919507390549132,0.8690919413918611,1.0329576520812784
20.2166666666668,0.06919516680799992,0.8690920080893186,1.0329572237035056
20.233333333333466,0.0691950761563202,0.8690918800737066,1.032957469189476
20.25000000000013,0.06919507390549132,0.8690919413918611,1.0329576520812784
20.266666666666797,0.06919504403605992,0.8690920023014886,1.0329579191282694
20.283333333333463,0.06919507390549132,0.8690919413918611,1.0329576520812784
20.30000000000013,0.06919516680799992,0.8690920080893186,1.0329572237035056
20.316666666666794,0.0691950761563202,0.8690918800737066,1.032957469189476
20.33333333333346,0.06919507390549132,0.8690919413918611,1.0329576520812784
20.350000000000126,0.06919504403605992,0.8690920023014886,1.0329579191282694
20.36666666666679,0.06919507390549132,0.8690919413918611,1.0329576520812784
20.383333333333457,0.06919516680799992,0.8690920080893186,1.0329572237035056
20.400000000000123,0.0691950761563202,0.8690918800737066,1.032957469189476
20.41666666666679,0.06919507390549132,0.8690919413918611,1.0329576520812784
20.433333333333454,0.06919504403605992,0.8690920023014886,1.0329579191282694
20.45000000000012,0.06919507390549132,0.8690919413918611,1.0329576520812784
20.466666666666786,0.06919516680799992,0.8690920080893186,1.0329572237035056
20.48333333333345,0.0691950761563202,0.8690918800737066,1.032957469189476
20.500000000000117,0.06919507390549132,0.8690919413918611,1.0329576520812784
20.516666666666783,0.06919504403605992,0.8690920023014886,1.0329579191282694
20.53333333333345,0.06919507390549132,0.8690919413918611,1.0329576520812784
20.550000000000114,0.06919516680799992,0.8690920080893186,1.0329572237035056
20.56666666666678,0.0691950761563202,0.8690918800737066,1.032957469189476
20.583333333333446,0.06919507390549132,0.8690919413918611,1.0329576520812784
20.60000000000011,0.06919504403605992,0.8690920023014886,1.0329579191282694
20.616666666666777,0.06919507390549132,0.8690919413918611,1.0329576520812784
20.633333333333443,0.06919516680799992,0.8690920080893186,1.0329572237035056
20.65000000000011,0.0691950761563202,0.8690918800737066,1.032957469189476
20.666666666666774,0.06919507390549132,0.8690919413918611,1.0329576520812784
20.68333333333344,0.06919504403605992,0.8690920023014886,1.0329579191282694
20.700000000000106,0.06919507390549132,0.8690919413918611,1.0329576520812784
20.71666666666677,0.06919516680799992,0.8690920080893186,1.0329572237035056
20.733333333333437,0.0691950761563202,0.8690918800737066,1.032957469189476
20.750000000000103,0.06919507390549132,0.8690919413918611,1.0329576520812784
20.76666666666677,0.06919504403605992,0.8690920023014886,1.0329579191282694
20.783333333333434,0.06919507390549132,0.8690919413918611,1.0329576520812784
20.8000000000001,0.06919516680799992,0.8690920080893186,1.0329572237035056
20.816666666666766,0.0691950761563202,0.8690918800737066,1.032957469189476
20.83333333333343,0.06919507390549132,0.8690919413918611,1.0329576520812784
20.850000000000097,0.06919504403605992,0.8690920023014886,1.0329579191282694
20.866666666666763,0.06919507390549132,0.8690919413918611,1.0329576520812784
20.88333333333343,0.06919516680799992,0.8690920080893186,1.0329572237035056
20.900000000000095,0.0691950761563202,0.8690918800737066,1.032957469189476
20.91666666666676,0.06919507390549132,0.8690919413918611,1.0329576520812784
20.933333333333426,0.06919504403605992,0.8690920023014886,1.0329579191282694
20.95000000000009,0.06919507390549132,0.8690919413918611,1.0329576520812784
20.966666666666757,0.06919516680799992,0.8690920080893186,1.0329572237035056
20.983333333333423,0.0691950761563202,0.8690918800737066,1.032957469189476
21.00000000000009,0.06919507390549132,0.8690919413918611,1.0329576520812784
21.016666666666755,0.06919504403605992,0.8690920023014886,1.0329579191282694
21.03333333333342,0.06919507390549132,0.8690919413918611,1.0329576520812784
21.050000000000086,0.06919516680799992,0.8690920080893186,1.0329572237035056
21.06666666666675,0.0691950761563202,0.8690918800737066,1.032957469189476
21.083333333333417,0.06919507390549132,0.8690919413918611,1.0329576520812784
21.100000000000083,0.06919504403605992,0.8690920023014886,1.0329579191282694
21.11666666666675,0.06919507390549132,0.8690919413918611,1.0329576520812784
21.133333333333415,0.06919516680799992,0.8690920080893186,1.0329572237035056
21.15000000000008,0.0691950761563202,0.8690918800737066,1.032957469189476
21.166666666666746,0.06919507390549132,0.8690919413918611,1.0329576520812784
21.18333333333341,0.06919504403605992,0.8690920023014886,1.0329579191282694
21.200000000000077,0.06919507390549132,0.8690919413918611,1.0329576520812784
21.216666666666743,0.06919516680799992,0.8690920080893186,1.0329572237035056
21.23333333333341,0.0691950761563202,0.8690918800737066,1.032957469189476
21.250000000000075,0.06919507390549132,0.8690919413918611,1.0329576520812784
21.26666666666674,0.06919504403605992,0.8690920023014886,1.0329579191282694
21.283333333333406,0.06919507390549132,0.8690919413918611,1.0329576520812784
21.30000000000007,0.06919516680799992,0.8690920080893186,1.0329572237035056
21.316666666666737,0.0691950761563202,0.8690918800737066,1.032957469189476
21.333333333333403,0.06919507390549132,0.8690919413918611,1.0329576520812784
21.35000000000007,0.06919504403605992,0.8690920023014886,1.0329579191282694
21.366666666666735,0.06919507390549132,0.8690919413918611,1.0329576520812784
21.3833333333334,0.06919516680799992,0.8690920080893186,1.0329572237035056
21.400000000000066,0.0691950761563202,0.8690918800737066,1.032957469189476
21.416666666666732,0.06919507390549132,0.8690919413918611,1.0329576520812784
21.433333333333398,0.06919504403605992,0.8690920023014886,1.0329579191282694
21.450000000000063,0.06919507390549132,0.8690919413918611,1.0329576520812784
21.46666666666673,0.06919516680799992,0.8690920080893186,1.0329572237035056
21.483333333333395,0.0691950761563202,0.8690918800737066,1.032957469189476
21.50000000000006,0.06919507390549132,0.8690919413918611,1.0329576520812784
21.516666666666726,0.06919504403605992,0.8690920023014886,1.0329579191282694
21.533333333333392,0.06919507390549132,0.8690919413918611,1.0329576520812784
21.550000000000058,0.06919516680799992,0.8690920080893186,1.0329572237035056
21.566666666666723,0.0691950761563202,0.8690918800737066,1.032957469189476
21.58333333333339,0.06919507390549132,0.8690919413918611,1.0329576520812784
21.600000000000055,0.06919504403605992,0.8690920023014886,1.0329579191282694
21.61666666666672,0.06919507390549132,0.8690919413918611,1.0329576520812784
21.633333333333386,0.06919516680799992,0.8690920080893186,1.0329572237035056
21.650000000000052,0.0691950761563202,0.8690918800737066,1.032957469189476
21.666666666666718,0.06919507390549132,0.8690919413918611,1.0329576520812784
21.683333333333383,0.06919504403605992,0.8690920023014886,1.0329579191282694
21.70000000000005,0.06919507390549132,0.8690919413918611,1.0329576520812784
21.716666666666715,0.06919516680799992,0.8690920080893186,1.0329572237035056
21.73333333333338,0.0691950761563202,0.8690918800737066,1.032957469189476
21.750000000000046,0.06919507390549132,0.8690919413918611,1.0329576520812784
21.766666666666712,0.06919504403605992,0.8690920023014886,1.0329579191282694
21.783333333333378,0.06919507390549132,0.8690919413918611,1.0329576520812784
21.800000000000043,0.06919516680799992,0.8690920080893186,1.0329572237035056
21.81666666666671,0.0691950761563202,0.8690918800737066,1.032957469189476
21.833333333333375,0.06919507390549132,0.8690919413918611,1.0329576520812784
21.85000000000004,0.06919504403605992,0.8690920023014886,1.0329579191282694
21.866666666666706,0.06919507390549132,0.8690919413918611,1.0329576520812784
21.883333333333372,0.06919516680799992,0.8690920080893186,1.0329572237035056
21.900000000000038,0.0691950761563202,0.8690918800737066,1.032957469189476
21.916666666666703,0.06919507390549132,0.8690919413918611,1.0329576520812784
21.93333333333337,0.06919504403605992,0.8690920023014886,1.0329579191282694
21.950000000000035,0.06919507390549132,0.8690919413918611,1.0329576520812784
21.9666666666667,0.06919516680799992,0.8690920080893186,1.0329572237035056
21.983333333333366,0.0691950761563202,0.8690918800737066,1.032957469189476
22.000000000000032,0.06919507390549132,0.8690919413918611,1.0329576520812784
22.016666666666698,0.06919504403605992,0.8690920023014886,1.0329579191282694
22.033333333333363,0.06919507390549132,0.8690919413918611,1.0329576520812784
22.05000000000003,0.06919516680799992,0.8690920080893186,1.0329572237035056
22.066666666666695,0.0691950761563202,0.8690918800737066,1.032957469189476
22.08333333333336,0.06919507390549132,0.8690919413918611,1.0329576520812784
22.100000000000026,0.06919504403605992,0.8690920023014886,1.0329579191282694
22.116666666666692,0.06919507390549132,0.8690919413918611,1.0329576520812784
22.133333333333358,0.06919516680799992,0.8690920080893186,1.0329572237035056
22.150000000000023,0.0691950761563202,0.8690918800737066,1.032957469189476
22.16666666666669,0.06919507390549132,0.8690919413918611,1.0329576520812784
22.183333333333355,0.06919504403605992,0.8690920023014886,1.0329579191282694
22.20000000000002,0.06919507390549132,0.8690919413918611,1.0329576520812784
22.216666666666686,0.06919516680799992,0.8690920080893186,1.0329572237035056
22.233333333333352,0.0691950761563202,0.8690918800737066,1.032957469189476
22.250000000000018,0.06919507390549132,0.8690919413918611,1.0329576520812784
22.266666666666683,0.06919504403605992,0.8690920023014886,1.0329579191282694
22.28333333333335,0.06919507390549132,0.8690919413918611,1.0329576520812784
22.300000000000015,0.06919516680799992,0.8690920080893186,1.0329572237035056
22.31666666666668,0.0691950761563202,0.8690918800737066,1.032957469189476
22.333333333333346,0.06919507390549132,0.8690919413918611,1.0329576520812784
22.350000000000012,0.06919504403605992,0.8690920023014886,1.0329579191282694
22.366666666666678,0.06919507390549132,0.8690919413918611,1.0329576520812784
22.383333333333344,0.06919516680799992,0.8690920080893186,1.0329572237035056
22.40000000000001,0.0691950761563202,0.8690918800737066,1.032957469189476
22.416666666666675,0.06919507390549132,0.8690919413918611,1.0329576520812784
22.43333333333334,0.06919504403605992,0.8690920023014886,1.0329579191282694
22.450000000000006,0.06919507390549132,0.8690919413918611,1.0329576520812784
22.466666666666672,0.06919516680799992,0.8690920080893186,1.0329572237035056
22.483333333333338,0.0691950761563202,0.8690918800737066,1.032957469189476
22.500000000000004,0.06919507390549132,0.8690919413918611,1.0329576520812784
22.51666666666667,0.06919504403605992,0.8690920023014886,1.0329579191282694
22.533333333333335,0.06919507390549132,0.8690919413918611,1.0329576520812784
22.55,0.06919516680799992,0.8690920080893186,1.0329572237035056
22.566666666666666,0.0691950761563202,0.8690918800737066,1.032957469189476
22.583333333333332,0.06919507390549132,0.8690919413918611,1.0329576520812784
22.599999999999998,0.06919504403605992,0.8690920023014886,1.0329579191282694
22.616666666666664,0.06919507390549132,0.8690919413918611,1.0329576520812784
22.63333333333333,0.06919516680799992,0.8690920080893186,1.0329572237035056
22.649999999999995,0.0691950761563202,0.8690918800737066,1.032957469189476
22.66666666666666,0.06919507390549132,0.8690919413918611,1.0329576520812784
22.683333333333326,0.06919504403605992,0.8690920023014886,1.0329579191282694
22.699999999999992,0.06919507390549132,0.8690919413918611,1.0329576520812784
22.716666666666658,0.06919516680799992,0.8690920080893186,1.0329572237035056
22.733333333333324,0.0691950761563202,0.8690918800737066,1.032957469189476
22.74999999999999,0.06919507390549132,0.8690919413918611,1.0329576520812784
22.766666666666655,0.06919504403605992,0.8690920023014886,1.0329579191282694
22.78333333333332,0.06919507390549132,0.8690919413918611,1.0329576520812784
22.799999999999986,0.06919516680799992,0.8690920080893186,1.0329572237035056
22.816666666666652,0.0691950761563202,0.8690918800737066,1.032957469189476
22.833333333333318,0.06919507390549132,0.8690919413918611,1.0329576520812784
22.849999999999984,0.06919504403605992,0.8690920023014886,1.0329579191282694
22.86666666666665,0.06919507390549132,0.8690919413918611,1.0329576520812784
22.883333333333315,0.06919516680799992,0.8690920080893186,1.0329572237035056
22.89999999999998,0.0691950761563202,0.8690918800737066,1.032957469189476
22.916666666666647,0.06919507390549132,0.8690919413918611,1.0329576520812784
22.933333333333312,0.06919504403605992,0.8690920023014886,1.0329579191282694
22.949999999999978,0.06919507390549132,0.8690919413918611,1.0329576520812784
22.966666666666644,0.06919516680799992,0.8690920080893186,1.0329572237035056
22.98333333333331,0.0691950761563202,0.8690918800737066,1.032957469189476
22.999999999999975,0.06919507390549132,0.8690919413918611,1.0329576520812784
23.01666666666664,0.06919504403605992,0.8690920023014886,1.0329579191282694
23.033333333333307,0.06919507390549132,0.8690919413918611,1.0329576520812784
23.049999999999972,0.06919516680799992,0.8690920080893186,1.0329572237035056
23.066666666666638,0.0691950761563202,0.8690918800737066,1.032957469189476
23.083333333333304,0.06919507390549132,0.8690919413918611,1.0329576520812784
23.09999999999997,0.06919504403605992,0.8690920023014886,1.0329579191282694
23.116666666666635,0.06919507390549132,0.8690919413918611,1.0329576520812784
23.1333333333333,0.06919516680799992,0.8690920080893186,1.0329572237035056
23.149999999999967,0.0691950761563202,0.8690918800737066,1.032957469189476
23.166666666666632,0.06919507390549132,0.8690919413918611,1.0329576520812784
23.183333333333298,0.06919504403605992,0.8690920023014886,1.0329579191282694
23.199999999999964,0.06919507390549132,0.8690919413918611,1.0329576520812784
23.21666666666663,0.06919516680799992,0.8690920080893186,1.0329572237035056
23.233333333333295,0.0691950761563202,0.8690918800737066,1.032957469189476
23.24999999999996,0.06919507390549132,0.8690919413918611,1.0329576520812784
23.266666666666627,0.06919504403605992,0.8690920023014886,1.0329579191282694
23.283333333333292,0.06919507390549132,0.8690919413918611,1.0329576520812784
23.299999999999958,0.06919516680799992,0.8690920080893186,1.0329572237035056
23.316666666666624,0.0691950761563202,0.8690918800737066,1.032957469189476
23.33333333333329,0.06919507390549132,0.8690919413918611,1.0329576520812784
23.349999999999955,0.06919504403605992,0.8690920023014886,1.0329579191282694
23.36666666666662,0.06919507390549132,0.8690919413918611,1.0329576520812784
23.383333333333287,0.06919516680799992,0.8690920080893186,1.0329572237035056
23.399999999999952,0.0691950761563202,0.8690918800737066,1.032957469189476
23.416666666666618,0.06919507390549132,0.8690919413918611,1.0329576520812784
23.433333333333284,0.06919504403605992,0.8690920023014886,1.0329579191282694
23.44999999999995,0.06919507390549132,0.8690919413918611,1.0329576520812784
23.466666666666615,0.06919516680799992,0.8690920080893186,1.0329572237035056
23.48333333333328,0.0691950761563202,0.8690918800737066,1.032957469189476
23.499999999999947,0.06919507390549132,0.8690919413918611,1.0329576520812784
23.516666666666612,0.06919504403605992,0.8690920023014886,1.0329579191282694
23.533333333333278,0.06919507390549132,0.8690919413918611,1.0329576520812784
23.549999999999944,0.06919516680799992,0.8690920080893186,1.0329572237035056
23.56666666666661,0.0691950761563202,0.8690918800737066,1.032957469189476
23.583333333333275,0.06919507390549132,0.8690919413918611,1.0329576520812784
23.59999999999994,0.06919504403605992,0.8690920023014886,1.0329579191282694
23.616666666666607,0.06919507390549132,0.8690919413918611,1.0329576520812784
23.633333333333272,0.06919516680799992,0.8690920080893186,1.0329572237035056
23.649999999999938,0.0691950761563202,0.8690918800737066,1.032957469189476
23.666666666666604,0.06919507390549132,0.8690919413918611,1.0329576520812784
23.68333333333327,0.06919504403605992,0.8690920023014886,1.0329579191282694
23.699999999999935,0.06919507390549132,0.8690919413918611,1.0329576520812784
23.7166666666666,0.06919516680799992,0.8690920080893186,1.0329572237035056
23.733333333333267,0.0691950761563202,0.8690918800737066,1.032957469189476
23.749999999999932,0.06919507390549132,0.8690919413918611,1.0329576520812784
23.766666666666598,0.06919504403605992,0.8690920023014886,1.0329579191282694
23.783333333333264,0.06919507390549132,0.8690919413918611,1.0329576520812784
23.79999999999993,0.06919516680799992,0.8690920080893186,1.0329572237035056
23.816666666666595,0.0691950761563202,0.8690918800737066,1.032957469189476
23.83333333333326,0.06919507390549132,0.8690919413918611,1.0329576520812784
23.849999999999927,0.06919504403605992,0.8690920023014886,1.0329579191282694
23.866666666666593,0.06919507390549132,0.8690919413918611,1.0329576520812784
23.88333333333326,0.06919516680799992,0.8690920080893186,1.0329572237035056
23.899999999999924,0.0691950761563202,0.8690918800737066,1.032957469189476
23.91666666666659,0.06919507390549132,0.8690919413918611,1.0329576520812784
23.933333333333255,0.06919504403605992,0.8690920023014886,1.0329579191282694
23.94999999999992,0.06919507390549132,0.8690919413918611,1.0329576520812784
23.966666666666587,0.06919516680799992,0.8690920080893186,1.0329572237035056
23.983333333333253,0.0691950761563202,0.8690918800737066,1.032957469189476
23.99999999999992,0.06919507390549132,0.8690919413918611,1.0329576520812784
24.016666666666584,0.06919504403605992,0.8690920023014886,1.0329579191282694
24.03333333333325,0.06919507390549132,0.8690919413918611,1.0329576520812784
24.049999999999915,0.06919516680799992,0.8690920080893186,1.0329572237035056
24.06666666666658,0.0691950761563202,0.8690918800737066,1.032957469189476
24.083333333333247,0.06919507390549132,0.8690919413918611,1.0329576520812784
24.099999999999913,0.06919504403605992,0.8690920023014886,1.0329579191282694
24.11666666666658,0.06919507390549132,0.8690919413918611,1.0329576520812784
24.133333333333244,0.06919516680799992,0.8690920080893186,1.0329572237035056
24.14999999999991,0.0691950761563202,0.8690918800737066,1.032957469189476
24.166666666666575,0.06919507390549132,0.8690919413918611,1.0329576520812784
24.18333333333324,0.06919504403605992,0.8690920023014886,1.0329579191282694
24.199999999999907,0.06919507390549132,0.8690919413918611,1.0329576520812784
24.216666666666573,0.06919516680799992,0.8690920080893186,1.0329572237035056
24.23333333333324,0.0691950761563202,0.8690918800737066,1.032957469189476
24.249999999999904,0.06919507390549132,0.8690919413918611,1.0329576520812784
24.26666666666657,0.06919504403605992,0.8690920023014886,1.0329579191282694
24.283333333333236,0.06919507390549132,0.8690919413918611,1.0329576520812784
24.2999999999999,0.06919516680799992,0.8690920080893186,1.0329572237035056
24.316666666666567,0.0691950761563202,0.8690918800737066,1.032957469189476
24.333333333333233,0.06919507390549132,0.8690919413918611,1.0329576520812784
24.3499999999999,0.06919504403605992,0.8690920023014886,1.0329579191282694
24.366666666666564,0.06919507390549132,0.8690919413918611,1.0329576520812784
24.38333333333323,0.06919516680799992,0.8690920080893186,1.0329572237035056
24.399999999999896,0.0691950761563202,0.8690918800737066,1.032957469189476
24.41666666666656,0.06919507390549132,0.8690919413918611,1.0329576520812784
24.433333333333227,0.06919504403605992,0.8690920023014886,1.0329579191282694
24.449999999999893,0.06919507390549132,0.8690919413918611,1.0329576520812784
24.46666666666656,0.06919516680799992,0.8690920080893186,1.0329572237035056
24.483333333333224,0.0691950761563202,0.8690918800737066,1.032957469189476
24.49999999999989,0.06919507390549132,0.8690919413918611,1.0329576520812784
24.516666666666556,0.06919504403605992,0.8690920023014886,1.0329579191282694
24.53333333333322,0.06919507390549132,0.8690919413918611,1.0329576520812784
24.549999999999887,0.06919516680799992,0.8690920080893186,1.0329572237035056
24.566666666666553,0.0691950761563202,0.8690918800737066,1.032957469189476
24.58333333333322,0.06919507390549132,0.8690919413918611,1.0329576520812784
24.599999999999884,0.06919504403605992,0.8690920023014886,1.0329579191282694
24.61666666666655,0.06919507390549132,0.8690919413918611,1.0329576520812784
24.633333333333216,0.06919516680799992,0.8690920080893186,1.0329572237035056
24.64999999999988,0.0691950761563202,0.8690918800737066,1.032957469189476
24.666666666666547,0.06919507390549132,0.8690919413918611,1.0329576520812784
24.683333333333213,0.06919504403605992,0.8690920023014886,1.0329579191282694
24.69999999999988,0.06919507390549132,0.8690919413918611,1.0329576520812784
24.716666666666544,0.06919516680799992,0.8690920080893186,1.0329572237035056
24.73333333333321,0.0691950761563202,0.8690918800737066,1.032957469189476
24.749999999999876,0.06919507390549132,0.8690919413918611,1.0329576520812784
24.76666666666654,0.06919504403605992,0.8690920023014886,1.0329579191282694
24.783333333333207,0.06919507390549132,0.8690919413918611,1.0329576520812784
24.799999999999873,0.06919516680799992,0.8690920080893186,1.0329572237035056
24.81666666666654,0.0691950761563202,0.8690918800737066,1.032957469189476
24.833333333333204,0.06919507390549132,0.8690919413918611,1.0329576520812784
24.84999999999987,0.06919504403605992,0.8690920023014886,1.0329579191282694
24.866666666666536,0.06919507390549132,0.8690919413918611,1.0329576520812784
24.8833333333332,0.06919516680799992,0.8690920080893186,1.0329572237035056
24.899999999999867,0.0691950761563202,0.8690918800737066,1.032957469189476
24.916666666666533,0.06919507390549132,0.8690919413918611,1.0329576520812784
24.9333333333332,0.06919504403605992,0.8690920023014886,1.0329579191282694
24.949999999999864,0.06919507390549132,0.8690919413918611,1.0329576520812784
24.96666666666653,0.06919516680799992,0.8690920080893186,1.0329572237035056
24.983333333333196,0.0691950761563202,0.8690918800737066,1.032957469189476
24.99999999999986,0.06919507390549132,0.8690919413918611,1.0329576520812784
25.016666666666527,0.06919504403605992,0.8690920023014886,1.0329579191282694
25.033333333333193,0.06919507390549132,0.8690919413918611,1.0329576520812784
25.04999999999986,0.8805863038712716,0.3622032842358668,0.820618347024977
25.066666666666524,0.8805863038712716,0.3622032842358668,0.820618347024977
25.08333333333319,0.8805863038712716,0.3622032842358668,0.820618347024977
25.099999999999856,0.8805863038712716,0.3622032842358668,0.820618347024977
25.11666666666652,0.8805863038712716,0.3622032842358668,0.820618347024977
25.133333333333187,0.8805863038712716,0.3622032842358668,0.820618347024977
25.149999999999853,0.8805863038712716,0.3622032842358668,0.820618347024977
25.16666666666652,0.8805863038712716,0.3622032842358668,0.820618347024977
25.183333333333184,0.8805863038712716,0.3622032842358668,0.820618347024977
25.19999999999985,0.8805863038712716,0.3622032842358668,0.820618347024977
25.216666666666516,0.8805863038712716,0.3622032842358668,0.820618347024977
25.23333333333318,0.8805863038712716,0.3622032842358668,0.820618347024977
25.249999999999847,0.8805863038712716,0.3622032842358668,0.820618347024977
25.266666666666513,0.8805863038712716,0.3622032842358668,0.820618347024977
25.28333333333318,0.8805863038712716,0.3622032842358668,0.820618347024977
25.299999999999844,0.8805863038712716,0.3622032842358668,0.820618347024977
25.31666666666651,0.8805863038712716,0.3622032842358668,0.820618347024977
25.333333333333176,0.8805863038712716,0.3622032842358668,0.820618347024977
25.34999999999984,0.8805863038712716,0.3622032842358668,0.820618347024977
25.366666666666507,0.8805863038712716,0.3622032842358668,0.820618347024977
25.383333333333173,0.8805863038712716,0.3622032842358668,0.820618347024977
25.39999999999984,0.8796253410812837,0.36219612960838143,0.8125361293834835
25.416666666666504,0.8799047641620243,0.36223585848394513,0.8149060969803469
25.43333333333317,0.8803453903771363,0.3622456798279673,0.8185662051815596
25.449999999999836,0.8931616275189974,0.3650807565026146,0.828574427043617
25.4666666666665,0.9001536638784211,0.3767963672477554,0.8443100248515648
25.483333333333167,0.9001236139616837,0.39769482718869176,0.8650032621459028
25.499999999999833,0.8916162398077845,0.42774131873255816,0.889740379606075
25.5166666666665,0.8771378209355495,0.4582709396419463,0.9175345482146764
25.533333333333164,0.8587441572697091,0.48643601269888176,0.9491162553472289
25.54999999999983,0.8488725797325278,0.5147001469876048,1.0002906814948815
25.566666666666496,0.8330489397404249,0.539947543067502,1.0550704982088701
25.58333333333316,0.8114020358836739,0.561473147278167,1.1130804229870375
25.599999999999827,0.7838892018312014,0.5784512300662326,1.173134436794183
25.616666666666493,0.7507082879276861,0.5900875266529613,1.2340440254233953
25.63333333333316,0.7122846756490082,0.5956665901362213,1.2946180776145537
25.649999999999824,0.6692523804325001,0.5945967502288722,1.3536744620200007
25.66666666666649,0.6224318733485789,0.5864520148662115,1.4100591763368095
25.683333333333156,0.5727985658685089,0.5710052334599174,1.462665765437835
25.69999999999982,0.5207626300811476,0.5496805485131157,1.5108019891815523
25.716666666666487,0.4569069295538219,0.542471424033279,1.5600067935639084
25.733333333333153,0.3929250155527756,0.5259520601193575,1.6054123672348177
25.74999999999982,0.3296890482230087,0.500755966306037,1.6466887144756241
25.766666666666485,0.268046742456883,0.4673832643966558,1.6834424748118881
25.78333333333315,0.20897358351090337,0.4262402428934077,1.7152246868009793
25.799999999999816,0.1534622959322608,0.37785057451585974,1.741598731276236
25.81666666666648,0.10245361995490967,0.3229100378601097,1.7621719610394542
25.833333333333147,0.056800336501304685,0.2622810048543149,1.7766149454346283
25.849999999999813,0.017243513286047868,0.1969703916713181,1.7846730668691073
25.86666666666648,-0.014540870248314769,0.13135879018010277,1.7874350648803579
25.883333333333145,-0.03147742732075523,0.09313039618085826,1.7930241861962328
25.89999999999981,-0.04500310966337748,0.05006368350372713,1.7961413880456731
25.916666666666476,-0.05491163018160293,0.003932454997776988,1.7969849622120997
25.93333333333314,-0.060699478205229945,-0.044068462529103083,1.7954960174519095
25.949999999999807,-0.061897627259038454,-0.09250744606147733,1.7916342097491265
25.966666666666473,-0.058411150622003374,-0.14078826207791562,1.7854013863227918
25.98333333333314,-0.05023663714285789,-0.1884519648077698,1.7768164105123674
25.999999999999805,-0.037385917503757554,-0.2350389839961297,1.7659033203410157
26.01666666666647,-0.01990236223405925,-0.280078022515891,1.7526929775413376
26.033333333333136,0.0021146312938355033,-0.32309111590840034,1.7372213184197138
26.0499999999998,0.028469071797841805,-0.36361956681502683,1.7195233908054257
26.066666666666467,0.05884901241631994,-0.4012381073920743,1.6996418559418358
26.083333333333133,0.09289980248033139,-0.43552709140911955,1.677640279778261
26.0999999999998,0.13023371426273941,-0.4661248641448166,1.6535765154967994
26.116666666666465,0.1704395033764413,-0.49271950408979515,1.6275148669375425
26.13333333333313,0.2130831647248924,-0.5150426335905424,1.5995280703447305
26.149999999999796,0.2577098130599923,-0.5328713141027052,1.569691450888062
26.166666666666462,0.3038425632424142,-0.5460309660618254,1.5380849351980563
26.183333333333128,0.350991155466211,-0.5543981031319871,1.504792148799389
26.199999999999793,0.3986540165968248,-0.557899312296703,1.469902135865434
26.21666666666646,0.4463246826379398,-0.5565141466007957,1.4335088188007625
26.233333333333125,0.4934980516685116,-0.5502751178819004,1.3957083410896833
26.24999999999979,0.5396755176717516,-0.5392651160455911,1.356602854881868
26.266666666666456,0.5843702131333961,-0.523618227470684,1.316296697450625
26.283333333333122,0.6271127678170542,-0.5035180555726517,1.2748976920522213
26.299999999999788,0.6674535848998739,-0.47919649033246503,1.2325167954013958
26.316666666666453,0.7049714287591422,-0.4509295943394229,1.1892683942115443
26.33333333333312,0.7392752642500724,-0.4190360842180144,1.1452675725695922
26.349999999999785,0.7700092327838368,-0.38387294910415926,1.100633610756283
26.36666666666645,0.7968555749073223,-0.34583370570893074,1.0554900102753046
26.383333333333116,0.8190721115108133,-0.30515069117100474,1.0118530713165195
26.399999999999782,0.8365804918333436,-0.2627987794159343,0.9850922538724529
26.416666666666448,0.8498332124202408,-0.21955328729643678,0.9698840949559527
26.433333333333113,0.8601726104340437,-0.17538806589237926,0.9660483524399597
26.44999999999978,0.8676655514120162,-0.13066007604342067,0.9732708191095246
26.466666666666445,0.8719908737302954,-0.0856059396933308,0.9912809466095894
26.48333333333311,0.8725743048055261,-0.040224541373676787,1.0195554945972178
26.499999999999776,0.8698132334135873,0.0051882528849799825,1.0488706305739932
26.516666666666442,0.8665227172644707,0.049917003798886,1.059357963517742
26.533333333333108,0.8644631009754973,0.09460916210792464,1.0482422423659294
26.549999999999773,0.8613680003499447,0.1402550033551894,1.0257591204050147
26.56666666666644,0.8546807660537383,0.1856415000349747,1.0110836660407332
26.583333333333105,0.8440952547078773,0.22983053919340685,1.009385552165831
26.59999999999977,0.8299782394799124,0.273203005438168,1.0184677625211964
26.616666666666436,0.8126215296107242,0.3154136060212699,1.0345190579773884
26.633333333333102,0.7936151807216699,0.35649410917725927,1.0476308532074705
26.649999999999768,0.7746276109469244,0.3974637806809617,1.042897685209741
26.666666666666433,0.7544139273850491,0.43847898327443213,1.0269376217860113
26.6833333333331,0.7312474110503364,0.47803865348952207,1.0183547982625583
26.699999999999765,0.7050313302503832,0.5154288939342235,1.0225520015973864
26.71666666666643,0.6760775801341468,0.5505014535390713,1.0335111886640804
26.733333333333096,0.6455906323575249,0.584129267510678,1.0430161340867565
26.749999999999762,0.6145849950619358,0.6171896108741838,1.0401639526510464
26.766666666666428,0.5823271186576632,0.6495255597718925,1.0290291112674925
26.783333333333093,0.5478971381183249,0.679708272990448,1.0227398180093312
26.79999999999976,0.511235637061127,0.7069716131013475,1.028060350571901
26.816666666666425,0.47302324893722303,0.7316632098027328,1.0381647586553961
26.83333333333309,0.4341212318343916,0.7549335690770405,1.0413129634399656
26.849999999999756,0.3945075075015701,0.7773270518535256,1.0344632338042288
26.866666666666422,0.3536071923858564,0.7978293620110638,1.0260381538625802
26.883333333333088,0.311345156037178,0.8152945710723909,1.0256469704638989
26.899999999999753,0.26804087111736763,0.8296349677451972,1.033171323321764
26.91666666666642,0.22425296927557076,0.841716757000355,1.039554086526406
26.933333333333085,0.18012851375170957,0.852489216662581,1.0376864660700724
26.94999999999975,0.13540015384529308,0.8616300358815508,1.0302624797640973
26.966666666666416,0.09010383704104918,0.8680141999162542,1.026036495045021
26.983333333333082,0.04612520545005212,0.8709469903487315,1.0294567054976496
26.999999999999748,0.02326191204992198,0.8713650872068438,1.0349976650792134
27.016666666666413,0.01747771806074684,0.8712314098869588,1.0367041411054947
27.03333333333308,0.028491127099870936,0.8713496546591468,1.032989941093483
27.049999999999745,0.05518517712587266,0.8706281434809591,1.0284702248520043
27.06666666666641,0.08549215540534742,0.8681973365158345,1.0289452817114593
27.083333333333076,0.09810379077999345,0.8659917252350106,1.0349790150096374
27.099999999999742,0.09388693239900907,0.8658889419569165,1.0394342710422764
27.116666666666408,0.0752731750610036,0.86798893782468,1.0373176133803514
27.133333333333074,0.05423597327797321,0.870363719520526,1.0305211060489274
27.14999999999974,0.050168657185070256,0.8712731102463713,1.0257506361347273
27.166666666666405,0.06120313268011869,0.8702682879089824,1.0284201020374848
27.18333333333307,0.07836147455826678,0.8680739082728589,1.035537994096395
27.199999999999736,0.08443544094553447,0.866946683910294,1.0399449777282173
27.216666666666402,0.07479967374203764,0.8681219096258179,1.0372487414105556
27.233333333333068,0.059737931519432644,0.8700650092868798,1.0302290109709438
27.249999999999734,0.05617738088860029,0.870770442434345,1.0259765034586406
27.2666666666664,0.06681348306489912,0.8697368552807145,1.0289531522369553
27.283333333333065,0.07912677165852541,0.8679200025846476,1.0361001468606277
27.29999999999973,0.07960569343990612,0.8673899825736295,1.0399850336651615
27.316666666666396,0.06879053783292649,0.868700706764287,1.036436963175752
27.333333333333062,0.05944330278181441,0.8702178423448225,1.029081434706941
27.349999999999728,0.06147474185573307,0.8704512104539083,1.0258410311954276
27.366666666666394,0.07155262645122637,0.8692258167251221,1.0303154970584476
27.38333333333306,0.07808527214135001,0.8678122597555782,1.0376747692967228
27.399999999999725,0.07447687372393726,0.867830276980709,1.0398821438068868
27.41666666666639,0.06567183100829328,0.8691653463426521,1.0344733604896346
27.433333333333056,0.06157266890676333,0.8702711715145152,1.027397409162441
27.449999999999722,0.0659382182920506,0.8700717646117911,1.0265184661475335
27.466666666666388,0.07319862433190918,0.8688091858417849,1.0327656721002454
27.483333333333054,0.07543375719283744,0.8678505271692747,1.0391188532319608
27.49999999999972,0.0709398971892991,0.868277272867569,1.038537754944459
27.516666666666385,0.0652112765803862,0.8695184022070521,1.0317836538978993
27.53333333333305,0.06427761300254183,0.8701905403290181,1.0264924444989263
27.549999999999716,0.06846172041705097,0.8696641305691565,1.0285201194590647
27.566666666666382,0.07285832589288775,0.8685195238449488,1.0353912010728068
27.583333333333048,0.07301384655890006,0.8680183729608831,1.0393203122118542
27.599999999999714,0.06933989043125607,0.8687051131307041,1.0360644627043114
27.61666666666638,0.06598299227128773,0.8697294399452336,1.0295060671017318
27.633333333333045,0.06619986610356439,0.8699932187938269,1.027052688716459
27.64999999999971,0.0693343613705919,0.8692857912517161,1.031234204300403
27.666666666666377,0.07198143226047399,0.8683781407790769,1.0370967726610856
27.683333333333042,0.07163169154589084,0.8682810881888756,1.038085478824582
27.699999999999708,0.06894541722387534,0.8690591543363089,1.033384992919622
27.716666666666374,0.06673652469211289,0.8697918791986583,1.028493724246157
27.73333333333304,0.0671000979170543,0.8697307047670141,1.0288022751801988
27.749999999999705,0.06949534916357906,0.868988844163608,1.0336388771172642
27.76666666666637,0.07145886034283626,0.8683806462066469,1.0373983567870366
27.783333333333037,0.0710817186939132,0.8685752796877785,1.0360499326273265
27.799999999999702,0.06882110440465843,0.8692994074685982,1.03143597427696
27.816666666666368,0.06700042669923441,0.8697349589278256,1.0288248784697402
27.833333333333034,0.06746178149299037,0.869462128204771,1.0309017223153896
27.8499999999997,0.06970657719777117,0.8688044548661626,1.035033288167242
27.866666666666365,0.07139656778590171,0.868486943392297,1.0365740264286802
27.88333333333303,0.070759543119211,0.8688382067697632,1.0340891344921448
27.899999999999697,0.06846479377987574,0.8694222882450966,1.030611567462697
27.916666666666362,0.06695752886075847,0.8696069992870301,1.0299651134816457
27.933333333333028,0.06785892383929601,0.8692361073316505,1.0325761938636566
27.949999999999694,0.07019571420210578,0.8687301078748305,1.0353400237304546
27.96666666666636,0.0714339745243447,0.8686401438770289,1.0353009386428962
27.983333333333025,0.0702263832872447,0.8690345098436006,1.0327887094190389
27.99999999999969,0.06790541490268631,0.8694514347193207,1.0307133505321922
28.016666666666357,0.06702403742406857,0.8694568851224085,1.0312154015149004
28.033333333333022,0.06853323205723663,0.8690780531842371,1.0334874333153192
28.049999999999688,0.07074183974206745,0.8687349801115227,1.0349578568375943
28.066666666666354,0.07120441990027976,0.868792574354565,1.0341888608093397
28.08333333333302,0.06944431902811087,0.8691591546398024,1.0322346300922065
28.099999999999685,0.06745911328793182,0.8694219353064468,1.0312439023912325
28.11666666666635,0.06744078999627032,0.8693201070865184,1.032121730786156
28.133333333333017,0.06935477900852452,0.8689851202260148,1.0337525828163945
28.149999999999682,0.07102439182219736,0.8687819804752729,1.0343900479315675
28.166666666666348,0.07061727435866494,0.8689190377960139,1.0335079423616058
28.183333333333014,0.06866060665187995,0.869225173467551,1.0321699597609508
28.19999999999968,0.06737936425263283,0.8693663491348235,1.0317657694000941
28.216666666666345,0.06815222066502041,0.8692119815630166,1.0325961116961877
28.23333333333301,0.07003120946485479,0.8689403435069729,1.033703641547358
28.249999999999677,0.07089568046695886,0.8688435890629168,1.0339603810904945
28.266666666666342,0.06984689811874624,0.8690144622039921,1.0331977460168198
28.283333333333008,0.06814659014757114,0.8692523728053235,1.0322594780384955
28.299999999999674,0.0676954481340854,0.8693052923284816,1.0320896650041123
28.31666666666634,0.06890929109348538,0.8691320385928883,1.0327987634138602
28.333333333333005,0.07035567461901752,0.8689254011783147,1.0336228167338317
28.34999999999967,0.07044055233804099,0.868905973024502,1.0337303438430936
28.366666666666337,0.06916561569545611,0.8690830407995729,1.0330500858932647
28.383333333333002,0.06801655298940469,0.8692564904134641,1.0323035263087068
28.399999999999668,0.06822892735337201,0.8692467461979873,1.032255113544338
28.416666666666334,0.0694699751079984,0.8690744630784144,1.0329328775457647
28.433333333333,0.07031477117163905,0.8689289761199164,1.0336182394254751
28.449999999999665,0.06988509053570964,0.8689638318749842,1.0335964442573238
28.46666666666633,0.06875198121316538,0.8691314325917936,1.0329020134718532
28.483333333332997,0.0681920927243836,0.8692464967260203,1.032279678113431
28.499999999999662,0.06875339921048763,0.8691921347989114,1.032389302279452
28.516666666666328,0.06973362933102509,0.8690342224853596,1.0331055259072404
28.533333333332994,0.07005131524305531,0.8689451098156037,1.0336490704949102
28.54999999999966,0.06943024726972377,0.8690169675692772,1.0334379709990134
28.566666666666325,0.0686226032684008,0.8691634654736613,1.0327130185853335
28.58333333333299,0.0684968492368618,0.8692256309911452,1.0322679528662626
28.599999999999657,0.06911831231004567,0.8691424568333839,1.0325812797400715
28.616666666666323,0.06975556730538317,0.8690098358987703,1.0332959975871951
28.63333333333299,0.06974229518310908,0.8689714976965669,1.0336238139779987
28.649999999999654,0.06916388855707516,0.8690635541359867,1.0332150293416642
28.66666666666632,0.06867948210704099,0.8691799475193931,1.0325384318502928
28.683333333332985,0.06877722238937804,0.8691959543231726,1.0323424262338123
28.69999999999965,0.06929423423198514,0.8691001772583593,1.0328262291818304
28.716666666666317,0.06965434432043591,0.869000752221932,1.0334347605818892
28.733333333332983,0.06950904281366939,0.8690041871051972,1.0334971780292803
28.74999999999965,0.06906078699150893,0.8691008428256326,1.032966990713748
28.766666666666314,0.06879505175329464,0.8691818169424004,1.0324515196066444
28.78333333333298,0.06896027803768331,0.8691622456125514,1.032512735895606
28.799999999999645,0.06934703537073017,0.8690689555596156,1.033056575940715
28.81666666666631,0.06954535356264101,0.8690054315800928,1.0334634052848886
28.833333333332977,0.06937311710722491,0.8690380559184072,1.0332966203658531
28.849999999999643,0.06903585650066503,0.8691259437634602,1.0327704069772403
28.86666666666631,0.06888642027657495,0.8691718459100427,1.0324792309338335
28.883333333332974,0.06905935889994831,0.8691296535928991,1.0327264790884614
28.89999999999964,0.06935743239566843,0.8690499074282995,1.0332088715431265
28.916666666666305,0.06947252116827128,0.8690200113450615,1.0333864460177649
28.93333333333297,0.06930020223091923,0.8690685210078255,1.0330881018681044
28.949999999999637,0.0690287701200758,0.86913850895085,1.0326691751617232
28.966666666666303,0.06894146125930152,0.8691541837270655,1.0325919929886638
28.98333333333297,0.06912009207066747,0.8691028821761061,1.0329144638693306
28.999999999999634,0.06937081187441166,0.8690429657057177,1.0332584801927154
29.0166666666663,0.0694289305145293,0.8690392344152278,1.0332528866712214
29.033333333332966,0.06924096959491138,0.8690916716384771,1.032931389385013
29.04999999999963,0.06901006292202885,0.869140651191542,1.0326644561802332
29.066666666666297,0.06897980778587168,0.8691347669600954,1.032732471411808
29.083333333332963,0.06917969277113506,0.8690839321268246,1.033034319283456
29.09999999999963,0.06938985816471449,0.8690450366931222,1.0332285787060504
29.116666666666294,0.06938745819837339,0.8690584497869797,1.0331177562539011
29.13333333333296,0.06918051706553723,0.8691060272569181,1.0328475941199877
29.149999999999626,0.06899476874690506,0.8691352736359008,1.0327187732592291
29.16666666666629,0.06902985295592412,0.8691165661096046,1.0328527969319052
29.183333333332957,0.06924206497994306,0.869073355833657,1.033083659790395
29.199999999999623,0.06939792746124285,0.8690526039902146,1.0331604284808815
29.21666666666629,0.06932907418437691,0.8690747502484063,1.0330178146139066
29.233333333332954,0.06911692520606891,0.8691132874343446,1.0328264268300933
29.24999999999962,0.0689980601558079,0.8691265011876576,1.0327904308392601
29.266666666666286,0.06909719353833925,0.8691025248436588,1.0329302134879024
29.28333333333295,0.0692994081600205,0.8690690925052551,1.0330847553689506
29.299999999999617,0.0693807958423486,0.8690619631980213,1.033093680484006
29.316666666666283,0.06925618164915033,0.8690868684903353,1.0329620720460002
29.33333333333295,0.0690695964387251,0.8691154176190963,1.0328383527167038
29.349999999999614,0.06902942357290068,0.869117271498968,1.0328482499034661
29.36666666666628,0.06917147662859004,0.8690923134470789,1.0329678056237734
29.383333333332946,0.06933240470191662,0.8690688638441173,1.0330661882400534
29.39999999999961,0.06933620314506891,0.8690709598777139,1.0330454485748515
29.416666666666277,0.06918632638946834,0.8690949957446883,1.0329374448350714
29.433333333332943,0.069055596865165,0.8691142361036301,1.0328578360251819
29.44999999999961,0.06908393341703889,0.8691087750196103,1.0328850008028108
29.466666666666274,0.06923130999000769,0.8690861460833983,1.0329841431056397
29.48333333333294,0.06933154313578715,0.869070883942195,1.0330495122674737
29.499999999999606,0.06927945733232029,0.8690786073630171,1.033017408452703
29.51666666666627,0.06913945812422566,0.8690999007646234,1.0329257636454894
29.533333333332937,0.06906964051480986,0.8691115295406386,1.0328715082568336
29.549999999999603,0.06914033085177132,0.8691017200764617,1.032908954892541
29.56666666666627,0.06926377578240206,0.8690824890260115,1.032994173618263
29.583333333332934,0.06930367966640523,0.8690742493314112,1.0330385105538287
29.5999999999996,0.06922530696552501,0.869085173551157,1.0329968156929832
29.616666666666266,0.06912056693876864,0.8691026720595003,1.0329142525829615
29.63333333333293,0.06910445161442164,0.869107722886725,1.0328804108334815
29.649999999999597,0.06918618973972152,0.8690961051442423,1.0329293386075127
29.666666666666263,0.06927177056307628,0.8690805083666999,1.0330065381421254
29.68333333333293,0.06926794615272384,0.8690780045522319,1.0330292805736578
29.699999999999594,0.06918824371066093,0.8690905091940632,1.0329747649546221
29.71666666666626,0.06912260893834103,0.8691037896614006,1.0329032782630405
29.733333333332926,0.06913951618711164,0.8691039124415805,1.032892422247963
29.74999999999959,0.06921330011407695,0.8690914232284481,1.0329513392230856
29.766666666666257,0.06926085906838574,0.8690801748895357,1.0330150851972317
29.783333333332923,0.06923477262817435,0.8690822540981639,1.0330143564249143
29.79999999999959,0.0691709816621019,0.8690944306003905,1.0329523600054598
29.816666666666254,0.06913871993666712,0.8691031680068932,1.0328987991983507
29.83333333333292,0.06916773282801925,0.8690996053286489,1.0329103928655157
29.849999999999586,0.06922418149131078,0.8690880131159383,1.0329729611599394
29.86666666666625,0.06924552264918399,0.8690812471090281,1.0330159113358097
29.883333333332917,0.06921190687335284,0.8690864008394665,1.0329934284185
29.899999999999583,0.06916518121423523,0.8690969609232181,1.0329332814086392
29.91666666666625,0.06915306819436727,0.869101679223017,1.0329021383172101
29.933333333332914,0.06918526183487154,0.8690956755482997,1.032932691400978
29.94999999999958,0.06922410883910708,0.8690859762810983,1.032988971375604
29.966666666666246,0.06922954664342014,0.8690834580887875,1.033008421290049
29.98333333333291,0.06919926783358582,0.8690899445126844,1.032971230381273
29.999999999999577,0.06916734840814315,0.8690983898717276,1.0329216822876766
30.016666666666243,0.06916698797035635,0.8690992123517706,1.0329139943098604
30.03333333333291,0.0691946766502661,0.8690923447275484,1.0329538840278942
30.049999999999574,0.06922037034953465,0.8690855439913191,1.0329958610822774
30.06666666666624,0.06921953379518445,0.8690858752285249,1.0329933451018019
30.083333333332906,0.0691947084059541,0.869092709230741,1.032951978566187
30.09999999999957,0.06917098500483934,0.8690982595256427,1.0329194098435244
30.116666666666237,0.06917355465757015,0.8690967128517769,1.032930727622219
30.133333333332903,0.0691984528463938,0.8690902225002627,1.0329696648749365
30.14999999999957,0.06921916420909374,0.8690860082658136,1.032992517231885
30.166666666666234,0.06921447059202368,0.8690882915099503,1.0329760286053322
30.1833333333329,0.06918965636987781,0.8690944169329051,1.0329413056260741
30.199999999999566,0.0691713706293896,0.8690974347700287,1.0329269859422325
30.21666666666623,0.0691793877845465,0.8690942609588778,1.0329471767507157
30.233333333332897,0.06920394703056036,0.8690893526729568,1.0329759953114652
30.249999999999563,0.06921780185871163,0.8690873266034498,1.0329828625749344
30.26666666666623,0.06920731222916228,0.8690905181747302,1.032962504974609
30.283333333332894,0.06918390453255474,0.8690950462453385,1.0329393376916682
30.29999999999956,0.06917270871095241,0.8690960235473381,1.0329379651160553
30.316666666666226,0.06918710190136063,0.8690926237899457,1.032957058826737
30.33333333333289,0.06920947550319945,0.8690889460381946,1.0329753615905188
30.349999999999557,0.0692156781556825,0.8690886754220039,1.032972416020144
30.366666666666223,0.06919932303863778,0.8690918591832824,1.032955069749773
30.38333333333289,0.06917947263215161,0.8690950310510297,1.0329416428607643
30.399999999999554,0.06917738219856306,0.8690946321195971,1.0329458040557349
30.41666666666622,0.0691959274943672,0.8690914320159384,1.0329612897428115
30.433333333332886,0.06921310412851753,0.8690889696886929,1.0329712865222194
30.44999999999955,0.06920978297292242,0.8690897238947237,1.0329661726281099
30.466666666666217,0.06919046846416631,0.8690929001343732,1.032953153087839
30.483333333332883,0.06917695651012702,0.8690946587956281,1.0329452666716497
30.49999999999955,0.06918530316371566,0.869093418164561,1.0329505131522612
30.516666666666215,0.06920356485705911,0.8690906024605861,1.0329627436147193
30.53333333333288,0.06921081323148684,0.8690894229842843,1.0329683774123022
30.549999999999546,0.06920144790253753,0.8690907773513995,1.0329629343341051
30.56666666666621,0.06918676753396867,0.86909313643979,1.0329518482039874
30.583333333332877,0.0691816188757619,0.8690940900868183,1.0329467144856208
30.599999999999543,0.06919131857937348,0.869092783212435,1.0329534433765495
30.61666666666621,0.06920474804725511,0.8690904783687694,1.0329640240232805
30.633333333332875,0.06920767655046035,0.8690898990201528,1.032966002779191
30.64999999999954,0.06919623619221496,0.869091619377515,1.0329594338749954
30.666666666666206,0.06918450088047959,0.8690934824263924,1.0329506907908155
30.68333333333287,0.0691841377107069,0.869093691833381,1.032949664344045
30.699999999999537,0.06919592422708225,0.8690920045466514,1.0329568333711685
30.716666666666203,0.06920635601108267,0.8690902948366312,1.0329633682241113
30.73333333333287,0.06920343730498563,0.8690904705627297,1.032964125444832
30.749999999999535,0.06919245255501333,0.8690922381350645,1.032956964970255
30.7666666666662,0.06918538440273479,0.869093198319874,1.0329513633104155
30.783333333332866,0.0691900628118599,0.8690929069514219,1.032952132325718
30.79999999999953,0.06919970359192479,0.8690914309906592,1.0329589882074448
30.816666666666197,0.06920471873328213,0.8690903335304505,1.032964130315106
30.833333333332863,0.06919839857714578,0.869091098971382,1.03296193732058
30.84999999999953,0.0691903619291208,0.8690925758511755,1.0329557840067103
30.866666666666195,0.06918833815638749,0.8690931618960951,1.0329514457832767
30.88333333333286,0.06919350517972901,0.8690924952724797,1.0329530243148413
30.899999999999526,0.0691989395073748,0.869091269079028,1.0329605176434211
30.916666666666192,0.06920045391197341,0.8690906953397612,1.032964183567453
30.933333333332858,0.06919618316156445,0.8690914958438125,1.0329606948255257
30.949999999999523,0.06919175548339865,0.8690926475511606,1.0329545402643134
30.96666666666619,0.0691905309443077,0.8690930393317804,1.0329507867108005
30.983333333332855,0.06919513159826524,0.8690922003445142,1.0329549368645394
30.99999999999952,0.06919961558951002,0.8690912043085675,1.0329614278114456
31.016666666666186,0.06919959991935892,0.8690909164257936,1.0329632030031561
31.033333333332852,0.069194147665008,0.8690919232433622,1.0329587746232503
31.049999999999518,0.06919116641360534,0.8690926948959985,1.0329532895061762
31.066666666666183,0.0691920608482021,0.8690927169794627,1.0329528710594171
31.08333333333285,0.06919707870305986,0.8690917792903858,1.0329572184819413
31.099999999999515,0.06919920098107676,0.8690911159904124,1.032961980005078
31.11666666666618,0.06919708179166723,0.8690914109589272,1.0329616788294302
31.133333333332846,0.06919383160192076,0.8690921685458817,1.0329563811835998
31.149999999999512,0.06919212635721451,0.8690929639692786,1.0329520875144997
31.166666666666178,0.06919302132302728,0.8690925085747843,1.032954273498587
31.183333333332843,0.06919716329011817,0.8690914664674947,1.0329596584181286
31.19999999999951,0.06919887927538947,0.8690909797639716,1.0329630364252285
31.216666666666175,0.06919665989326228,0.8690915407892629,1.0329599794983153
31.23333333333284,0.06919333557826415,0.869092401508905,1.0329546941508423
31.249999999999506,0.06919160242839914,0.8690928554681113,1.032952629489036
31.266666666666172,0.0691937747190648,0.8690922652561978,1.0329552746182855
31.283333333332838,0.06919834197707148,0.86909132177566,1.0329604366743894
31.299999999999503,0.06919876635969363,0.869091129367352,1.0329615658122908
31.31666666666617,0.06919547015418737,0.8690917988174698,1.0329586133524247
31.333333333332835,0.0691926058378251,0.8690925950163059,1.0329541538029867
31.3499999999995,0.06919256518237306,0.8690925284994817,1.0329538989772515
31.366666666666166,0.06919547466469321,0.8690920121004851,1.0329569521552293
31.383333333332832,0.06919794109221009,0.8690914061787589,1.0329602771412851
31.399999999999498,0.06919750620034905,0.8690914997695088,1.0329603036299302
31.416666666666163,0.06919461174106238,0.8690919458891748,1.0329570819272391
31.43333333333283,0.06919240728007818,0.8690925115517626,1.0329546005568788
31.449999999999495,0.06919339976658008,0.869092305078791,1.0329552417155579
31.46666666666616,0.06919599116928896,0.8690918246498452,1.032957497584985
31.483333333332826,0.06919748870978605,0.8690915543692436,1.0329601089649354
31.499999999999492,0.06919673500597458,0.8690916059109081,1.032959313957405
31.516666666666158,0.06919504252928281,0.8690919831884723,1.0329566367658922
31.533333333332823,0.06919384804032967,0.8690924608279187,1.0329543915624542
31.54999999999949,0.06919379763718939,0.8690921743662227,1.0329563756978097
31.566666666666155,0.0691949971367953,0.8690917414020185,1.0329586017678933
31.58333333333282,0.06919675466138481,0.8690916104695232,1.0329595921969312
31.599999999999486,0.06919670107004879,0.8690918333617871,1.0329581763471598
31.616666666666152,0.06919557823155627,0.869092029744166,1.0329560826310702
31.633333333332818,0.06919415618672237,0.8690920702122085,1.03295632596176
31.649999999999483,0.0691937447302506,0.8690920496418693,1.0329574905527659
31.66666666666615,0.06919504304723795,0.8690916905278722,1.0329588319577991
31.683333333332815,0.06919624535834555,0.8690918552950077,1.0329581970847752
31.69999999999948,0.06919619159506224,0.8690919615117991,1.032956956539729
31.716666666666146,0.06919516680799992,0.8690920080893186,1.0329572237035056
31.733333333332812,0.06919415864702637,0.8690919109776775,1.032957487549626
31.749999999999478,0.06919411469688223,0.8690919162230869,1.032957947906632
31.766666666666143,0.06919547866138322,0.8690919064515007,1.0329573708553483
31.78333333333281,0.06919595632165969,0.8690919395823965,1.032957228867957
31.799999999999475,0.06919598614285126,0.8690918204110245,1.0329575870764693
31.81666666666614,0.06919541572265539,0.8690917790339926,1.0329578927171998
31.833333333332806,0.06919503271960946,0.8690919253749692,1.0329576277608306
31.849999999999472,0.06919463727612281,0.8690920125433195,1.0329571039085954
31.866666666666138,0.06919463727612281,0.8690919529386747,1.032957223117885
31.883333333332804,0.06919503271960946,0.8690919253749692,1.0329576277608306
31.89999999999947,0.06919501502891107,0.8690919251490403,1.032957895017994
31.916666666666135,0.06919503271960946,0.8690919253749692,1.0329576277608306
31.9333333333328,0.0691951389077309,0.86909200166161,1.0329572435117234
31.949999999999466,0.069195078086595,0.8690918714009217,1.0329574407989048
31.966666666666132,0.06919507390549132,0.8690919413918611,1.0329576520812784
31.983333333332798,0.06919504403605992,0.8690920023014886,1.0329579191282694
31.999999999999464,0.06919507390549132,0.8690919413918611,1.0329576520812784
32.01666666666613,0.06919516680799992,0.8690920080893186,1.0329572237035056
32.0333333333328,0.0691950761563202,0.8690918800737066,1.032957469189476
32.049999999999464,0.06919507390549132,0.8690919413918611,1.0329576520812784
32.06666666666613,0.06919504403605992,0.8690920023014886,1.0329579191282694
32.083333333332796,0.06919507390549132,0.8690919413918611,1.0329576520812784
32.09999999999946,0.06919516680799992,0.8690920080893186,1.0329572237035056
32.11666666666613,0.0691950761563202,0.8690918800737066,1.032957469189476
32.13333333333279,0.06919507390549132,0.8690919413918611,1.0329576520812784
32.14999999999946,0.06919504403605992,0.8690920023014886,1.0329579191282694
32.166666666666124,0.06919507390549132,0.8690919413918611,1.0329576520812784
32.18333333333279,0.06919516680799992,0.8690920080893186,1.0329572237035056
32.199999999999456,0.0691950761563202,0.8690918800737066,1.032957469189476
32.21666666666612,0.06919507390549132,0.8690919413918611,1.0329576520812784
32.23333333333279,0.06919504403605992,0.8690920023014886,1.0329579191282694
32.24999999999945,0.06919507390549132,0.8690919413918611,1.0329576520812784
32.26666666666612,0.06919516680799992,0.8690920080893186,1.0329572237035056
32.283333333332784,0.0691950761563202,0.8690918800737066,1.032957469189476
32.29999999999945,0.06919507390549132,0.8690919413918611,1.0329576520812784
32.316666666666116,0.06919504403605992,0.8690920023014886,1.0329579191282694
32.33333333333278,0.06919507390549132,0.8690919413918611,1.0329576520812784
32.34999999999945,0.06919516680799992,0.8690920080893186,1.0329572237035056
32.36666666666611,0.0691950761563202,0.8690918800737066,1.032957469189476
32.38333333333278,0.06919507390549132,0.8690919413918611,1.0329576520812784
32.399999999999444,0.06919504403605992,0.8690920023014886,1.0329579191282694
32.41666666666611,0.06919507390549132,0.8690919413918611,1.0329576520812784
32.433333333332776,0.06919516680799992,0.8690920080893186,1.0329572237035056
32.44999999999944,0.0691950761563202,0.8690918800737066,1.032957469189476
32.46666666666611,0.06919507390549132,0.8690919413918611,1.0329576520812784
32.48333333333277,0.06919504403605992,0.8690920023014886,1.0329579191282694
32.49999999999944,0.06919507390549132,0.8690919413918611,1.0329576520812784
32.516666666666104,0.06919516680799992,0.8690920080893186,1.0329572237035056
32.53333333333277,0.0691950761563202,0.8690918800737066,1.032957469189476
32.549999999999436,0.06919507390549132,0.8690919413918611,1.0329576520812784
32.5666666666661,0.06919504403605992,0.8690920023014886,1.0329579191282694
32.58333333333277,0.06919507390549132,0.8690919413918611,1.0329576520812784
32.59999999999943,0.06919516680799992,0.8690920080893186,1.0329572237035056
32.6166666666661,0.0691950761563202,0.8690918800737066,1.032957469189476
32.633333333332764,0.06919507390549132,0.8690919413918611,1.0329576520812784
32.64999999999943,0.06919504403605992,0.8690920023014886,1.0329579191282694
32.666666666666096,0.06919507390549132,0.8690919413918611,1.0329576520812784
32.68333333333276,0.06919516680799992,0.8690920080893186,1.0329572237035056
32.69999999999943,0.0691950761563202,0.8690918800737066,1.032957469189476
32.71666666666609,0.06919507390549132,0.8690919413918611,1.0329576520812784
32.73333333333276,0.06919504403605992,0.8690920023014886,1.0329579191282694
32.749999999999424,0.06919507390549132,0.8690919413918611,1.0329576520812784
32.76666666666609,0.06919516680799992,0.8690920080893186,1.0329572237035056
32.783333333332756,0.0691950761563202,0.8690918800737066,1.032957469189476
32.79999999999942,0.06919507390549132,0.8690919413918611,1.0329576520812784
32.81666666666609,0.06919504403605992,0.8690920023014886,1.0329579191282694
32.83333333333275,0.06919507390549132,0.8690919413918611,1.0329576520812784
32.84999999999942,0.06919516680799992,0.8690920080893186,1.0329572237035056
32.866666666666084,0.0691950761563202,0.8690918800737066,1.032957469189476
32.88333333333275,0.06919507390549132,0.8690919413918611,1.0329576520812784
32.899999999999416,0.06919504403605992,0.8690920023014886,1.0329579191282694
32.91666666666608,0.06919507390549132,0.8690919413918611,1.0329576520812784
32.93333333333275,0.06919516680799992,0.8690920080893186,1.0329572237035056
32.94999999999941,0.0691950761563202,0.8690918800737066,1.032957469189476
32.96666666666608,0.06919507390549132,0.8690919413918611,1.0329576520812784
32.983333333332745,0.06919504403605992,0.8690920023014886,1.0329579191282694
32.99999999999941,0.06919507390549132,0.8690919413918611,1.0329576520812784
33.016666666666076,0.06919516680799992,0.8690920080893186,1.0329572237035056
33.03333333333274,0.0691950761563202,0.8690918800737066,1.032957469189476
33.04999999999941,0.06919507390549132,0.8690919413918611,1.0329576520812784
33.06666666666607,0.06919504403605992,0.8690920023014886,1.0329579191282694
33.08333333333274,0.06919507390549132,0.8690919413918611,1.0329576520812784
33.099999999999405,0.06919516680799992,0.8690920080893186,1.0329572237035056
33.11666666666607,0.0691950761563202,0.8690918800737066,1.032957469189476
33.133333333332736,0.06919507390549132,0.8690919413918611,1.0329576520812784
33.1499999999994,0.06919504403605992,0.8690920023014886,1.0329579191282694
33.16666666666607,0.06919507390549132,0.8690919413918611,1.0329576520812784
33.18333333333273,0.06919516680799992,0.8690920080893186,1.0329572237035056
33.1999999999994,0.0691950761563202,0.8690918800737066,1.032957469189476
33.216666666666065,0.06919507390549132,0.8690919413918611,1.0329576520812784
33.23333333333273,0.06919504403605992,0.8690920023014886,1.0329579191282694
33.249999999999396,0.06919507390549132,0.8690919413918611,1.0329576520812784
33.26666666666606,0.06919516680799992,0.8690920080893186,1.0329572237035056
33.28333333333273,0.0691950761563202,0.8690918800737066,1.032957469189476
33.29999999999939,0.06919507390549132,0.8690919413918611,1.0329576520812784
33.31666666666606,0.06919504403605992,0.8690920023014886,1.0329579191282694
33.333333333332725,0.06919507390549132,0.8690919413918611,1.0329576520812784
33.34999999999939,0.06919516680799992,0.8690920080893186,1.0329572237035056
33.366666666666056,0.0691950761563202,0.8690918800737066,1.032957469189476
33.38333333333272,0.06919507390549132,0.8690919413918611,1.0329576520812784
33.39999999999939,0.06919504403605992,0.8690920023014886,1.0329579191282694
33.41666666666605,0.06919507390549132,0.8690919413918611,1.0329576520812784
33.43333333333272,0.06919516680799992,0.8690920080893186,1.0329572237035056
33.449999999999385,0.0691950761563202,0.8690918800737066,1.032957469189476
33.46666666666605,0.06919507390549132,0.8690919413918611,1.0329576520812784
33.483333333332716,0.06919504403605992,0.8690920023014886,1.0329579191282694
33.49999999999938,0.06919507390549132,0.8690919413918611,1.0329576520812784
33.51666666666605,0.06919516680799992,0.8690920080893186,1.0329572237035056
33.53333333333271,0.0691950761563202,0.8690918800737066,1.032957469189476
33.54999999999938,0.06919507390549132,0.8690919413918611,1.0329576520812784
33.566666666666045,0.06919504403605992,0.8690920023014886,1.0329579191282694
33.58333333333271,0.06919507390549132,0.8690919413918611,1.0329576520812784
33.599999999999376,0.06919516680799992,0.8690920080893186,1.0329572237035056
33.61666666666604,0.0691950761563202,0.8690918800737066,1.032957469189476
33.63333333333271,0.06919507390549132,0.8690919413918611,1.0329576520812784
33.64999999999937,0.06919504403605992,0.8690920023014886,1.0329579191282694
33.66666666666604,0.06919507390549132,0.8690919413918611,1.0329576520812784
33.683333333332705,0.06919516680799992,0.8690920080893186,1.0329572237035056
33.69999999999937,0.0691950761563202,0.8690918800737066,1.032957469189476
33.716666666666036,0.06919507390549132,0.8690919413918611,1.0329576520812784
33.7333333333327,0.06919504403605992,0.8690920023014886,1.0329579191282694
33.74999999999937,0.06919507390549132,0.8690919413918611,1.0329576520812784
33.76666666666603,0.06919516680799992,0.8690920080893186,1.0329572237035056
33.7833333333327,0.0691950761563202,0.8690918800737066,1.032957469189476
33.799999999999365,0.06919507390549132,0.8690919413918611,1.0329576520812784
33.81666666666603,0.06919504403605992,0.8690920023014886,1.0329579191282694
33.833333333332696,0.06919507390549132,0.8690919413918611,1.0329576520812784
33.84999999999936,0.06919516680799992,0.8690920080893186,1.0329572237035056
33.86666666666603,0.0691950761563202,0.8690918800737066,1.032957469189476
33.88333333333269,0.06919507390549132,0.8690919413918611,1.0329576520812784
33.89999999999936,0.06919504403605992,0.8690920023014886,1.0329579191282694
33.916666666666025,0.06919507390549132,0.8690919413918611,1.0329576520812784
33.93333333333269,0.06919516680799992,0.8690920080893186,1.0329572237035056
33.949999999999356,0.0691950761563202,0.8690918800737066,1.032957469189476
33.96666666666602,0.06919507390549132,0.8690919413918611,1.0329576520812784
33.98333333333269,0.06919504403605992,0.8690920023014886,1.0329579191282694
33.99999999999935,0.06919507390549132,0.8690919413918611,1.0329576520812784
34.01666666666602,0.06919516680799992,0.8690920080893186,1.0329572237035056
34.033333333332685,0.0691950761563202,0.8690918800737066,1.032957469189476
34.04999999999935,0.06919507390549132,0.8690919413918611,1.0329576520812784
34.066666666666016,0.06919504403605992,0.8690920023014886,1.0329579191282694
34.08333333333268,0.06919507390549132,0.8690919413918611,1.0329576520812784
34.09999999999935,0.06919516680799992,0.8690920080893186,1.0329572237035056
34.11666666666601,0.0691950761563202,0.8690918800737066,1.032957469189476
34.13333333333268,0.06919507390549132,0.8690919413918611,1.0329576520812784
34.149999999999345,0.06919504403605992,0.8690920023014886,1.0329579191282694
34.16666666666601,0.06919507390549132,0.8690919413918611,1.0329576520812784
34.183333333332676,0.06919516680799992,0.8690920080893186,1.0329572237035056
34.19999999999934,0.0691950761563202,0.8690918800737066,1.032957469189476
34.21666666666601,0.06919507390549132,0.8690919413918611,1.0329576520812784
34.23333333333267,0.06919504403605992,0.8690920023014886,1.0329579191282694
34.24999999999934,0.06919507390549132,0.8690919413918611,1.0329576520812784
34.266666666666005,0.06919516680799992,0.8690920080893186,1.0329572237035056
34.28333333333267,0.0691950761563202,0.8690918800737066,1.032957469189476
34.299999999999336,0.06919507390549132,0.8690919413918611,1.0329576520812784
34.316666666666,0.06919504403605992,0.8690920023014886,1.0329579191282694
34.33333333333267,0.06919507390549132,0.8690919413918611,1.0329576520812784
34.34999999999933,0.06919516680799992,0.8690920080893186,1.0329572237035056
34.366666666666,0.0691950761563202,0.8690918800737066,1.032957469189476
34.383333333332665,0.06919507390549132,0.8690919413918611,1.0329576520812784
34.39999999999933,0.06919504403605992,0.8690920023014886,1.0329579191282694
34.416666666665996,0.06919507390549132,0.8690919413918611,1.0329576520812784
34.43333333333266,0.06919516680799992,0.8690920080893186,1.0329572237035056
34.44999999999933,0.0691950761563202,0.8690918800737066,1.032957469189476
34.46666666666599,0.06919507390549132,0.8690919413918611,1.0329576520812784
34.48333333333266,0.06919504403605992,0.8690920023014886,1.0329579191282694
34.499999999999325,0.06919507390549132,0.8690919413918611,1.0329576520812784
34.51666666666599,0.06919516680799992,0.8690920080893186,1.0329572237035056
34.533333333332656,0.0691950761563202,0.8690918800737066,1.032957469189476
34.54999999999932,0.06919507390549132,0.8690919413918611,1.0329576520812784
34.56666666666599,0.06919504403605992,0.8690920023014886,1.0329579191282694
34.583333333332654,0.06919507390549132,0.8690919413918611,1.0329576520812784
34.59999999999932,0.06919516680799992,0.8690920080893186,1.0329572237035056
34.616666666665985,0.0691950761563202,0.8690918800737066,1.032957469189476
34.63333333333265,0.06919507390549132,0.8690919413918611,1.0329576520812784
34.64999999999932,0.06919504403605992,0.8690920023014886,1.0329579191282694
34.66666666666598,0.06919507390549132,0.8690919413918611,1.0329576520812784
34.68333333333265,0.06919516680799992,0.8690920080893186,1.0329572237035056
34.699999999999314,0.0691950761563202,0.8690918800737066,1.032957469189476
34.71666666666598,0.06919507390549132,0.8690919413918611,1.0329576520812784
34.733333333332645,0.06919504403605992,0.8690920023014886,1.0329579191282694
34.74999999999931,0.06919507390549132,0.8690919413918611,1.0329576520812784
34.76666666666598,0.06919516680799992,0.8690920080893186,1.0329572237035056
34.78333333333264,0.0691950761563202,0.8690918800737066,1.032957469189476
34.79999999999931,0.06919507390549132,0.8690919413918611,1.0329576520812784
34.816666666665974,0.06919504403605992,0.8690920023014886,1.0329579191282694
34.83333333333264,0.06919507390549132,0.8690919413918611,1.0329576520812784
34.849999999999305,0.06919516680799992,0.8690920080893186,1.0329572237035056
34.86666666666597,0.0691950761563202,0.8690918800737066,1.032957469189476
34.88333333333264,0.06919507390549132,0.8690919413918611,1.0329576520812784
34.8999999999993,0.06919504403605992,0.8690920023014886,1.0329579191282694
34.91666666666597,0.06919507390549132,0.8690919413918611,1.0329576520812784
34.933333333332634,0.06919516680799992,0.8690920080893186,1.0329572237035056
34.9499999999993,0.0691950761563202,0.8690918800737066,1.032957469189476
34.966666666665965,0.06919507390549132,0.8690919413918611,1.0329576520812784
34.98333333333263,0.06919504403605992,0.8690920023014886,1.0329579191282694
34.9999999999993,0.06919507390549132,0.8690919413918611,1.0329576520812784
35.01666666666596,0.06919516680799992,0.8690920080893186,1.0329572237035056
35.03333333333263,0.0691950761563202,0.8690918800737066,1.032957469189476
35.049999999999294,0.06919507390549132,0.8690919413918611,1.0329576520812784
35.06666666666596,0.06919504403605992,0.8690920023014886,1.0329579191282694
35.083333333332625,0.06919507390549132,0.8690919413918611,1.0329576520812784
35.09999999999929,0.06919516680799992,0.8690920080893186,1.0329572237035056
35.11666666666596,0.0691950761563202,0.8690918800737066,1.032957469189476
35.13333333333262,0.06919507390549132,0.8690919413918611,1.0329576520812784
35.14999999999929,0.06919504403605992,0.8690920023014886,1.0329579191282694
35.166666666665954,0.06919507390549132,0.8690919413918611,1.0329576520812784
35.18333333333262,0.06919516680799992,0.8690920080893186,1.0329572237035056
35.199999999999285,0.0691950761563202,0.8690918800737066,1.032957469189476
35.21666666666595,0.06919507390549132,0.8690919413918611,1.0329576520812784
35.23333333333262,0.06919504403605992,0.8690920023014886,1.0329579191282694
35.24999999999928,0.06919507390549132,0.8690919413918611,1.0329576520812784
35.26666666666595,0.06919516680799992,0.8690920080893186,1.0329572237035056
35.283333333332614,0.0691950761563202,0.8690918800737066,1.032957469189476
35.29999999999928,0.06919507390549132,0.8690919413918611,1.0329576520812784
35.316666666665945,0.06919504403605992,0.8690920023014886,1.0329579191282694
35.33333333333261,0.06919507390549132,0.8690919413918611,1.0329576520812784
35.34999999999928,0.06919516680799992,0.8690920080893186,1.0329572237035056
35.36666666666594,0.0691950761563202,0.8690918800737066,1.032957469189476
35.38333333333261,0.06919507390549132,0.8690919413918611,1.0329576520812784
35.399999999999274,0.06919504403605992,0.8690920023014886,1.0329579191282694
35.41666666666594,0.06919507390549132,0.8690919413918611,1.0329576520812784
35.433333333332605,0.06919516680799992,0.8690920080893186,1.0329572237035056
35.44999999999927,0.0691950761563202,0.8690918800737066,1.032957469189476
35.46666666666594,0.06919507390549132,0.8690919413918611,1.0329576520812784
35.4833333333326,0.06919504403605992,0.8690920023014886,1.0329579191282694
35.49999999999927,0.06919507390549132,0.8690919413918611,1.0329576520812784
35.516666666665934,0.06919516680799992,0.8690920080893186,1.0329572237035056
35.5333333333326,0.0691950761563202,0.8690918800737066,1.032957469189476
35.549999999999265,0.06919507390549132,0.8690919413918611,1.0329576520812784
35.56666666666593,0.06919504403605992,0.8690920023014886,1.0329579191282694
35.5833333333326,0.06919507390549132,0.8690919413918611,1.0329576520812784
35.59999999999926,0.06919516680799992,0.8690920080893186,1.0329572237035056
35.61666666666593,0.0691950761563202,0.8690918800737066,1.032957469189476
35.633333333332594,0.06919507390549132,0.8690919413918611,1.0329576520812784
35.64999999999926,0.06919504403605992,0.8690920023014886,1.0329579191282694
35.666666666665925,0.06919507390549132,0.8690919413918611,1.0329576520812784
35.68333333333259,0.06919516680799992,0.8690920080893186,1.0329572237035056
35.69999999999926,0.0691950761563202,0.8690918800737066,1.032957469189476
35.71666666666592,0.06919507390549132,0.8690919413918611,1.0329576520812784
35.73333333333259,0.06919504403605992,0.8690920023014886,1.0329579191282694
35.749999999999254,0.06919507390549132,0.8690919413918611,1.0329576520812784
35.76666666666592,0.06919516680799992,0.8690920080893186,1.0329572237035056
35.783333333332585,0.0691950761563202,0.8690918800737066,1.032957469189476
35.79999999999925,0.06919507390549132,0.8690919413918611,1.0329576520812784
35.81666666666592,0.06919504403605992,0.8690920023014886,1.0329579191282694
35.83333333333258,0.06919507390549132,0.8690919413918611,1.0329576520812784
35.84999999999925,0.06919516680799992,0.8690920080893186,1.0329572237035056
35.866666666665914,0.0691950761563202,0.8690918800737066,1.032957469189476
35.88333333333258,0.06919507390549132,0.8690919413918611,1.0329576520812784
35.899999999999245,0.06919504403605992,0.8690920023014886,1.0329579191282694
35.91666666666591,0.06919507390549132,0.8690919413918611,1.0329576520812784
35.93333333333258,0.06919516680799992,0.8690920080893186,1.0329572237035056
35.94999999999924,0.0691950761563202,0.8690918800737066,1.032957469189476
35.96666666666591,0.06919507390549132,0.8690919413918611,1.0329576520812784
35.983333333332574,0.06919504403605992,0.8690920023014886,1.0329579191282694
35.99999999999924,0.06919507390549132,0.8690919413918611,1.0329576520812784
36.016666666665905,0.06919516680799992,0.8690920080893186,1.0329572237035056
36.03333333333257,0.0691950761563202,0.8690918800737066,1.032957469189476
36.04999999999924,0.06919507390549132,0.8690919413918611,1.0329576520812784
36.0666666666659,0.06919504403605992,0.8690920023014886,1.0329579191282694
36.08333333333257,0.06919507390549132,0.8690919413918611,1.0329576520812784
36.099999999999234,0.06919516680799992,0.8690920080893186,1.0329572237035056
36.1166666666659,0.0691950761563202,0.8690918800737066,1.032957469189476
36.133333333332565,0.06919507390549132,0.8690919413918611,1.0329576520812784
36.14999999999923,0.06919504403605992,0.8690920023014886,1.0329579191282694
36.1666666666659,0.06919507390549132,0.8690919413918611,1.0329576520812784
36.18333333333256,0.06919516680799992,0.8690920080893186,1.0329572237035056
